sequence3_strict_NMP,sequence3_strict_FEP,sequence3_lax_NMP,sequence3_lax_FEP,income,LogTotalFarm_acres,Education2,blame_ag,priority_econ,priority_conservation,consulting2,Q17_SelfCert_A,wqcperc_avg,Info_count_15
None,None,None,None,NA,4.83786795,NA,5,4.333333333,3.6,NA,0,3.142857143,1
Conceptual,Applied,Conceptual,Applied,1,3.010620886,5,3,4,3,1,1,3,1
Conceptual,Applied,Conceptual,Applied,3,4.17438727,2,5,NA,NA,NA,1,3.571428571,1
NA,Applied,NA,Applied,3,4.40060302,3,1,5,NA,1,1,3,3
None,Applied,None,Applied,4,2.442347035,7,4,4.666666667,3.6,1,0,3,9
Applied,Applied,Applied,Applied,2,6.642747524,7,NA,4.166666667,4.2,0,1,4.142857143,5
None,None,None,None,6,5.755425708,2,3,4.666666667,5,1,0,3.142857143,4
NA,NA,NA,NA,2,5.798789578,NA,3,4.333333333,3.4,0,1,3,4
Conceptual,Conceptual,Conceptual,Conceptual,3,4.641502115,6,3.333333333,4.666666667,2.6,1,1,2.571428571,1
Conceptual,None,Conceptual,None,2,4.204692619,4,3,4,3,1,0,3,2
Applied,Applied,Applied,Applied,4,5.686975356,5,4.333333333,4.333333333,4.2,1,1,4,6
Conceptual,None,Conceptual,None,1,3.555348061,3,3,3,NA,0,0,4,1
Conceptual,Conceptual,Conceptual,Conceptual,4,7.077498054,6,NA,5,5,0,0,4.142857143,2
Applied,Applied,Applied,Applied,1,3.218875825,3,4,4,4,0,1,2.714285714,3
None,Conceptual,None,Conceptual,3,4.382026635,2,3,4,3.4,0,0,2.428571429,1
None,None,None,None,5,5.857933154,5,2,4.666666667,4,1,0,2.142857143,4
Applied,Applied,Applied,Applied,1,2.833213344,4,NA,4,4.4,0,0,3.571428571,1
Applied,NA,Applied,NA,1,4.882801923,4,4.666666667,4.333333333,4.4,0,1,4.571428571,1
None,None,None,None,NA,1.945910149,NA,3.333333333,5,3,0,1,2.571428571,2
None,None,None,None,1,3.912023005,2,3,1.666666667,3.8,NA,0,3.142857143,2
Conceptual,NA,Conceptual,NA,2,6.326149473,5,4,4.833333333,5,0,1,3.142857143,5
None,None,None,None,1,2.302585093,6,3.333333333,4.666666667,4.4,0,1,2.714285714,5
Applied,Applied,Applied,Applied,2,5.872117789,4,4.666666667,4.666666667,4.8,1,0,4.428571429,13
Applied,Applied,Applied,Applied,2,4.976733742,5,3.333333333,1,4.2,0,1,4.571428571,3
Applied,Applied,Applied,Applied,3,3.46885603,6,3.333333333,3.166666667,4.2,0,1,4,2
Conceptual,Conceptual,Conceptual,Conceptual,NA,3.678829118,4,3,4.833333333,4,1,1,4.571428571,4
Applied,Applied,Applied,Applied,5,4.854527144,6,4,4.666666667,4.8,0,1,3.857142857,10
Applied,Applied,Applied,Applied,3,3.673765816,3,2,4.666666667,4.2,1,1,4.428571429,6
None,None,None,None,5,5.295814236,6,1.666666667,3.5,4.4,1,1,1.571428571,1
Applied,Applied,Applied,Applied,1,2.549445171,6,1,4.5,4.6,1,0,4,11
Conceptual,Conceptual,Conceptual,Conceptual,6,8.400187354,4,3,4.166666667,4.2,1,1,3.571428571,4
Applied,NA,Applied,NA,1,3.456316681,6,4,4.5,4.2,0,0,3.285714286,3
Applied,NA,Applied,NA,2,3.206803244,4,4,3.833333333,4,0,1,3.428571429,2
Conceptual,Conceptual,Conceptual,Conceptual,5,3.701301974,6,4,4.666666667,4.6,1,1,4.142857143,2
Applied,Applied,Applied,Applied,1,2.261763098,5,1,5,NA,1,0,3.571428571,1
Conceptual,Conceptual,Conceptual,Conceptual,2,3.005682604,4,3,4.333333333,4.4,0,1,3,6
Conceptual,Conceptual,Conceptual,Conceptual,2,2.862200881,4,3,4.333333333,4.4,0,1,3,6
Applied,Applied,Applied,Applied,3,3.740047741,7,4,4.5,3,0,0,3.428571429,2
None,None,None,None,1,2.785011242,5,2,4.5,3.8,1,0,3,6
Applied,Applied,Applied,Applied,6,6.799167339,6,4,4.666666667,5,0,1,4.571428571,5
None,None,None,None,1,2.186051277,5,2.666666667,4,1.4,0,0,2.571428571,2
Applied,Applied,Applied,Applied,NA,3.349904087,3,4,3.833333333,4.4,0,1,3.285714286,4
None,None,None,None,6,6.047135744,7,2,4.5,3.666666667,0,0,1,3
Conceptual,Conceptual,Conceptual,Conceptual,6,6.178980921,6,3.666666667,4.666666667,5,0,1,4.142857143,9
None,None,None,None,5,4.946487808,6,3,4.666666667,3.6,1,1,2.857142857,4
Applied,Applied,Applied,Applied,2,3.303216973,5,5,4.5,5,1,0,4.285714286,4
Applied,Conceptual,Applied,Conceptual,5,5.344246298,7,5,3.666666667,4.4,1,1,4,6
Applied,Applied,Applied,Applied,NA,2.054123734,3,NA,5,NA,1,0,3,3
NA,NA,NA,NA,1,2.687847494,7,NA,5,5,NA,1,NA,4
Applied,Conceptual,Applied,Conceptual,1,2.815408719,6,3,4.333333333,4.6,1,1,3.571428571,0
None,None,None,None,5,4.009149716,4,3,5,4.8,0,1,1.857142857,1
Applied,Applied,Applied,Applied,6,5.91215074,NA,5,4.5,4.2,0,1,3.571428571,3
Conceptual,Conceptual,Conceptual,Conceptual,2,3.152736022,4,3.333333333,4.333333333,2.4,1,0,3.142857143,3
None,None,None,None,1,3.218875825,2,NA,5,5,0,0,3.142857143,2
Conceptual,Conceptual,Conceptual,Conceptual,2,3.535145354,3,2.666666667,3.5,4,0,1,3.142857143,6
None,None,None,None,1,4.553876892,3,NA,3,NA,0,0,2,1
Conceptual,Conceptual,Conceptual,Conceptual,1,2.867898902,5,1,1,1,0,0,3.285714286,1
Applied,NA,Applied,NA,4,5.765817866,4,4,5,NA,1,0,3.142857143,1
Conceptual,Conceptual,Conceptual,Conceptual,3,2.785011242,4,5,5,5,0,0,3.142857143,4
None,None,None,None,1,2.116255515,4,1.666666667,3.666666667,4,0,0,2.571428571,3
None,None,None,None,4,4.082609306,6,2.666666667,4,4,0,1,3.714285714,3
None,None,None,None,6,6.068657043,7,3.333333333,5,5,0,1,4.285714286,6
Conceptual,Conceptual,Conceptual,Conceptual,NA,6.719858208,5,NA,4.333333333,NA,NA,0,NA,1
Applied,Applied,Applied,Applied,3,3.529297384,4,5,4,4.4,0,1,3.142857143,4
NA,NA,NA,NA,2,3.374168709,NA,NA,5,NA,NA,0,NA,1
NA,NA,NA,NA,3,3.906004933,5,NA,NA,NA,0,0,4.285714286,1
Applied,Applied,Applied,Applied,6,7.431477384,3,4,3.666666667,4,1,1,3.714285714,2
None,None,None,None,2,4.333361463,1,3,3.166666667,2,1,0,2.857142857,2
Conceptual,Conceptual,Conceptual,Conceptual,6,5.755425708,6,4,3.666666667,3.4,0,1,3,4
Applied,Applied,Applied,Applied,5,4.915591745,5,2.333333333,5,5,1,0,3.714285714,5
Conceptual,NA,Conceptual,NA,6,6.803838166,7,4,4.25,5,1,0,4.5,0
None,None,None,None,2,3.015534901,5,1.666666667,3.166666667,2.2,0,0,3.285714286,1
None,None,None,None,NA,5.219274159,NA,NA,5,4,1,1,3.857142857,7
Conceptual,Conceptual,Conceptual,Conceptual,3,3.109060959,3,2.5,4,5,1,0,3.142857143,3
Conceptual,Conceptual,Conceptual,Conceptual,1,2.815408719,3,4.666666667,4.2,3.4,1,0,3.285714286,7
Applied,Applied,Applied,Applied,4,3.577947893,6,3,4.666666667,5,1,1,4.142857143,5
NA,NA,NA,NA,4,4.317488114,NA,4,3.8,4.5,0,0,3.166666667,1
None,None,None,None,1,3.210843653,3,3,4,4,0,0,2.571428571,0
NA,NA,NA,NA,1,2.4765384,1,NA,NA,NA,0,1,3,3
Conceptual,Applied,Conceptual,Applied,6,6.151029117,6,2.333333333,3.666666667,2.6,0,0,3.142857143,3
None,Conceptual,None,Conceptual,1,3.42751469,3,4,5,5,1,0,3.428571429,1
Conceptual,None,Conceptual,None,4,4.645351976,7,3.333333333,4.2,3.4,1,0,3.571428571,4
Conceptual,Conceptual,Conceptual,Conceptual,6,5.68085497,4,4.333333333,5,5,0,1,3.333333333,1
Applied,NA,Applied,NA,4,2.772588722,2,4,3.6,5,0,0,3.6,2
None,None,None,None,NA,4.264087337,6,3,4.333333333,4,1,0,3.714285714,1
None,None,None,None,5,3.100092289,6,3.666666667,5,3.4,1,0,3,3
Conceptual,Conceptual,Conceptual,Conceptual,3,4.848116365,7,5,5,5,0,1,4,3
Conceptual,None,Conceptual,None,5,5.173774031,7,2.333333333,3.833333333,3.2,0,1,3.142857143,3
None,None,None,None,2,5.391352233,4,3,4.333333333,2.4,0,1,1.428571429,9
Conceptual,Conceptual,Conceptual,Conceptual,1,1.945910149,5,4.333333333,5,4.8,0,1,3.142857143,5
Applied,Applied,Applied,Applied,6,5.680513848,6,5,5,5,0,1,3.428571429,7
Conceptual,Conceptual,Conceptual,Conceptual,6,5.262690189,6,1,3.666666667,5,1,0,3.571428571,4
Conceptual,Conceptual,Conceptual,Conceptual,4,5.836826248,6,3.666666667,4.333333333,3,0,1,3.285714286,4
Conceptual,Conceptual,Conceptual,Conceptual,1,2.975529566,3,NA,4,1.6,NA,0,3.285714286,0
Conceptual,Conceptual,Conceptual,Conceptual,1,2.208274414,3,NA,4,1.6,0,0,3.285714286,2
Conceptual,None,Conceptual,None,4,4.016383021,6,3.333333333,4.5,3.4,0,1,3,10
Conceptual,Applied,Conceptual,Applied,6,9.390056036,6,4,4.666666667,4.8,1,1,4.285714286,9
Conceptual,Conceptual,Applied,Applied,6,7.38274645,6,2.666666667,4.5,3.4,0,1,3,7
Conceptual,NA,Conceptual,NA,6,6.229575526,3,4.333333333,5,4.4,0,1,4.142857143,1
Applied,Applied,Applied,Applied,6,6.022720937,6,3.333333333,4.166666667,4.2,1,1,2.428571429,4
Conceptual,Conceptual,Conceptual,Conceptual,6,8.928230745,6,2.666666667,4.833333333,3.8,1,1,2.571428571,7
Conceptual,Applied,Conceptual,Applied,6,6.553078338,4,2.333333333,4.333333333,2.6,0,1,3,3
NA,NA,NA,NA,4,4.943782987,4,4,4.8,4,0,1,3.142857143,6
Conceptual,Conceptual,Conceptual,Conceptual,3,3.916015027,6,3,5,4.6,1,1,2.142857143,5
Conceptual,Conceptual,Conceptual,Conceptual,1,2.079441542,5,5,5,5,1,0,3.714285714,2
None,None,None,None,5,4.771531723,2,3,4.333333333,4.2,1,0,3.714285714,5
None,None,None,None,6,6.507128448,6,2.666666667,3.166666667,3.8,1,1,2.857142857,3
None,None,None,None,5,5.327390614,3,3.333333333,4.666666667,4.2,0,0,4,1
None,None,None,None,2,3.39785848,5,1.666666667,3.166666667,2.2,0,0,3.285714286,1
Conceptual,Conceptual,Conceptual,Conceptual,5,5.663307642,6,2,4.666666667,3.8,0,1,3.714285714,7
Applied,Applied,Applied,Applied,5,3.686376324,4,5,5,5,1,1,4.142857143,5
Conceptual,Applied,Conceptual,Applied,6,4.854527144,6,4,4.666666667,4.8,1,1,4.285714286,9
Applied,Applied,Applied,Applied,6,5.838895948,6,5,4.166666667,5,0,1,3.714285714,10
Conceptual,Conceptual,Conceptual,Conceptual,6,5.370172804,4,4.333333333,4.166666667,1.8,0,1,3.571428571,2
None,NA,None,NA,1,2.151762203,6,3,4.833333333,1.2,1,0,2.285714286,3
None,None,None,None,1,1.410986974,2,3,2.666666667,1,1,1,2.857142857,1
Conceptual,Conceptual,Conceptual,Conceptual,2,5.674696894,6,2.666666667,4.666666667,2.8,NA,1,3.714285714,5
Applied,Applied,Applied,Applied,1,2.895911938,6,3,5,5,1,0,3,7
Conceptual,Applied,Conceptual,Applied,6,4.630837933,6,4,4.666666667,4.8,1,1,4.285714286,9
Conceptual,Conceptual,Applied,Applied,2,3.328626689,7,3.333333333,4.666666667,2.4,0,1,1.714285714,5
Conceptual,Conceptual,Conceptual,Conceptual,5,5.899075098,6,3,4.666666667,3.8,0,1,3.428571429,6
Applied,Applied,Applied,Applied,2,3.317815773,4,3,4,5,0,1,4.428571429,4
Conceptual,Applied,Conceptual,Applied,6,5.972281728,4,4.333333333,3.666666667,4.2,0,1,3.571428571,11
Conceptual,Conceptual,Conceptual,Conceptual,4,5.020585625,6,3,5,4.2,0,0,4.714285714,1
Applied,Applied,Applied,Applied,1,6.746882053,4,4,4.833333333,5,1,1,3.571428571,4
None,None,None,None,6,7.533961054,6,3.333333333,4.333333333,1.2,0,1,3.857142857,3
NA,NA,NA,NA,NA,3.663561646,NA,2.666666667,4.333333333,5,NA,1,2.666666667,5
None,None,None,None,1,1.667706821,6,4,3.666666667,4,0,0,3,5
Conceptual,Conceptual,Conceptual,Conceptual,5,5.515442846,6,3,4.666666667,4.8,1,1,4.142857143,3
Applied,Applied,Applied,Applied,2,2.646174797,2,5,4.333333333,4.2,0,1,3.571428571,3
None,None,None,None,5,3.471966453,3,3,4.333333333,3.4,1,0,4,5
None,Applied,None,Applied,4,5.695078034,4,1.666666667,3.333333333,2.6,1,0,2.428571429,3
None,None,None,None,4,4.532599493,7,4,4.666666667,3.8,1,1,3.428571429,6
Applied,Applied,Applied,Applied,NA,3.681351188,7,5,4.333333333,3,0,0,3,4
None,None,None,None,1,2.186051277,3,2.666666667,1,1,0,1,3.571428571,2
Conceptual,None,Applied,None,6,5.90153984,7,3.333333333,4.5,4.6,0,1,2.285714286,2
Conceptual,Conceptual,Conceptual,Conceptual,1,2.014903021,7,4,4.666666667,4.2,0,1,4,9
None,None,None,None,2,3.583518938,3,2.333333333,3.5,2.6,0,1,3,3
Applied,Applied,Applied,Applied,2,3.610917913,7,4,4.8,3.6,0,0,1.714285714,3
Conceptual,Applied,Conceptual,Applied,5,5.905361848,6,3.333333333,4.666666667,3.2,0,1,3.857142857,3
Conceptual,Conceptual,Conceptual,Conceptual,3,3.610917913,4,4.666666667,3.666666667,3,0,0,3.428571429,0
Conceptual,Conceptual,Conceptual,Conceptual,5,5.634789603,6,3.333333333,4.333333333,2.2,1,1,4,2
Applied,Applied,Applied,Applied,3,3.33220451,NA,4,5,5,0,1,4.285714286,12
Applied,NA,Applied,NA,4,5.135798437,4,4,4.333333333,5,1,0,3.142857143,1
Applied,Applied,Applied,Applied,2,3.401197382,3,4,4,3.6,0,1,3.571428571,5
Applied,Applied,Applied,Applied,6,6.736966958,7,2.666666667,5,4.8,0,1,4.142857143,6
Applied,Applied,Applied,Applied,3,4.941642423,6,2.333333333,5,4.4,0,1,4.714285714,5
None,Conceptual,None,Conceptual,3,4.382026635,7,2.666666667,4.5,4.4,0,1,3.142857143,1
Applied,Applied,Applied,Applied,4,4.672828834,7,4,3.5,4.2,0,1,5,6
Conceptual,Conceptual,Conceptual,Conceptual,1,4.997212274,7,2.666666667,3.666666667,2.6,0,0,3.857142857,5
Conceptual,Conceptual,Conceptual,Conceptual,5,4.189654742,6,4.333333333,4.5,4,1,1,4.142857143,7
Applied,Applied,Applied,Applied,5,7.185387016,7,3,4.333333333,3.4,0,1,3.857142857,7
Applied,None,Applied,None,4,4.543294782,4,3,4.666666667,4.6,1,1,3.571428571,4
Applied,NA,Applied,NA,6,8.517193191,6,3.333333333,4.333333333,5,0,1,3.714285714,2
Applied,Applied,Applied,Applied,5,5.402677382,5,2,5,4.8,1,1,4.142857143,8
Applied,Applied,Applied,Applied,2,2.708050201,3,4.333333333,5,5,1,0,4.142857143,1
None,None,None,None,5,5.560681631,6,2,3.333333333,1,1,1,2.714285714,3
Conceptual,Conceptual,Conceptual,Conceptual,2,3.912023005,4,4.333333333,4.666666667,4.2,1,1,3,2
Applied,Applied,Applied,Applied,5,5.560681631,3,3,5,5,1,0,4.142857143,3
Applied,Applied,Applied,Applied,3,4.905274778,7,5,5,4.4,0,0,4.142857143,9
None,None,None,None,5,5.313205979,6,4.666666667,4.5,4.2,0,1,3.857142857,2
Applied,Applied,Applied,Applied,2,2.995732274,5,4,5,4,1,0,4.571428571,1
Conceptual,NA,Conceptual,NA,2,2.862200881,7,4,3.666666667,3.6,0,0,2.833333333,2
Applied,Applied,Applied,Applied,4,5.087596335,3,3.666666667,3.666666667,3.6,NA,0,4.428571429,5
Applied,Applied,Applied,Applied,3,4.094344562,4,3.666666667,3.666666667,4,0,1,3.142857143,4
Conceptual,Conceptual,Conceptual,Conceptual,3,3.912023005,7,3.333333333,4.666666667,3.2,0,1,4.714285714,4
Conceptual,Conceptual,Conceptual,Conceptual,2,2.890371758,2,3.666666667,3,2.6,1,0,3.714285714,2
Conceptual,None,Conceptual,None,2,2.995732274,5,2.666666667,3.666666667,3.2,0,1,3.571428571,3
Applied,NA,Applied,NA,4,4.700480366,6,5,5,4.4,1,0,3.285714286,3
None,None,None,None,3,6.131226489,6,3,4.333333333,3.75,0,1,2.333333333,2
Conceptual,Conceptual,Conceptual,Conceptual,5,7.740664402,7,5,4,4.8,0,1,3.714285714,3
Conceptual,Conceptual,Conceptual,Conceptual,5,5.105945474,4,4.666666667,4.833333333,4.2,1,0,3.714285714,7
Applied,None,Applied,None,5,6.194405391,6,4.333333333,5,3,0,1,3.142857143,2
None,Conceptual,None,Conceptual,6,5.736572297,6,5,4.333333333,4.8,0,1,4.285714286,5
Applied,Applied,Applied,Applied,5,5.135798437,6,3.666666667,4.5,5,1,0,4.571428571,2
Conceptual,NA,Conceptual,NA,NA,7.824046011,6,2.333333333,4.833333333,4.4,1,0,2.857142857,3
Applied,Applied,Applied,Applied,2,3.17805383,2,3.666666667,5,3.4,1,1,2.857142857,3
Applied,Applied,Applied,Applied,1,1.791759469,5,4,3.333333333,2.6,NA,1,3.857142857,4
Conceptual,Conceptual,Conceptual,Conceptual,4,7.22620901,6,4.333333333,4.5,4.6,0,1,4.142857143,6
Applied,Applied,Applied,Applied,4,4.744932128,7,4,5,4.4,0,1,4.285714286,13
Conceptual,NA,Conceptual,NA,2,3.465735903,3,NA,5,5,1,0,3.285714286,3
Conceptual,None,Conceptual,None,3,4.248495242,6,2.666666667,5,5,0,1,3,1
Applied,Applied,Applied,Applied,1,2.079441542,7,3.333333333,5,4.2,1,1,3.857142857,3
Applied,Applied,Applied,Applied,2,3.33220451,3,4,4.833333333,3.8,1,1,5,3
Applied,Conceptual,Applied,Conceptual,4,5.043425117,6,3,5,5,0,1,4.571428571,2
Applied,Applied,Applied,Applied,2,3.555348061,6,4.333333333,4,3.8,0,1,4.714285714,4
None,None,None,None,5,5.220355825,7,2.333333333,4.5,5,0,1,4.428571429,3
None,None,None,None,4,4.17438727,5,3.333333333,3,3.4,1,1,3.571428571,6
None,None,None,None,6,6.907755279,6,4.333333333,4.666666667,2.4,0,0,4,2
Applied,Applied,Applied,Applied,4,3.63758616,3,4,3.833333333,5,1,1,3.571428571,7
Applied,Applied,Applied,Applied,2,2.197224577,3,4.333333333,4.333333333,3.4,0,1,3.857142857,4
Applied,Applied,Applied,Applied,4,5.398162702,4,4,4,3.6,NA,1,3.571428571,9
Applied,Applied,Applied,Applied,2,3.465735903,3,3.666666667,3,4.5,1,0,3.857142857,3
Conceptual,Conceptual,Conceptual,Conceptual,1,2.014903021,6,4,3.333333333,3.6,0,1,3.571428571,5
Conceptual,NA,Conceptual,NA,6,7.377758908,4,4.333333333,4.666666667,3.2,0,0,4.714285714,0
Conceptual,None,Conceptual,None,5,5.545177444,5,5,4.833333333,5,0,1,3.714285714,5
Applied,Applied,Applied,Applied,2,2.995732274,3,4.333333333,3.333333333,3.8,1,1,4.571428571,3
Conceptual,None,Conceptual,None,NA,3.688879454,5,5,4.833333333,3.8,0,1,2.666666667,5
Applied,Conceptual,Applied,Conceptual,3,4.077537444,6,3.666666667,5,4,0,1,4,4
Conceptual,Conceptual,Conceptual,Conceptual,3,2.995732274,5,3,5,5,0,1,4.142857143,4
Conceptual,Conceptual,Conceptual,Conceptual,4,6.040254711,5,NA,NA,NA,0,1,3,5
None,None,None,None,2,2.302585093,4,NA,4.666666667,NA,0,1,3.428571429,2
Conceptual,Conceptual,Conceptual,Conceptual,2,2.944438979,3,4,4.5,4.2,1,0,3.714285714,9
Applied,Applied,Applied,Applied,4,5.560681631,6,5,3,3,1,1,4.142857143,4
Applied,Applied,Applied,Applied,2,3.912023005,5,5,5,5,1,1,3.142857143,4
Applied,Applied,Applied,Applied,1,3.688879454,4,4,3.25,5,0,1,3.428571429,3
Applied,Applied,Applied,Applied,3,7.426549072,6,3.666666667,4.666666667,4,0,1,3.714285714,9
Applied,Applied,Applied,Applied,4,3.610917913,1,3,3.8,3.2,1,0,1.857142857,2
Applied,None,Applied,None,2,2.302585093,2,1,3.333333333,2.6,1,1,2.714285714,2
None,None,None,None,6,6.492239835,6,2.666666667,4.666666667,4,0,0,3,3
Applied,Applied,Applied,Applied,2,2.890371758,6,5,3.833333333,4.6,0,0,3.714285714,2
None,None,None,None,4,4.941642423,3,1,3.166666667,1.4,1,0,1.142857143,1
Conceptual,Conceptual,Conceptual,Conceptual,3,3.951243719,3,3.666666667,4.166666667,4.8,0,1,5,2
Conceptual,Conceptual,Conceptual,Conceptual,1,2.014903021,6,2.666666667,4,3.4,1,0,3.5,1
None,None,None,None,6,6.978213743,6,2.666666667,4.5,2.6,1,0,4,2
Applied,Conceptual,Applied,Conceptual,1,2.944438979,5,4.333333333,3.833333333,5,0,1,4.571428571,4
Conceptual,Conceptual,Conceptual,Conceptual,6,4.820281566,6,NA,3.833333333,3.8,0,1,3.857142857,3
Applied,None,Applied,None,3,2.772588722,6,3.333333333,4,2.2,0,1,2.428571429,5
Conceptual,Conceptual,Conceptual,Conceptual,5,6.835184586,6,2.666666667,4.833333333,4.2,0,1,3.571428571,5
NA,NA,NA,NA,1,2.302585093,1,5,5,NA,1,0,NA,3
Conceptual,None,Conceptual,None,3,3.688879454,7,2,1.666666667,3.4,NA,1,2.166666667,2
Conceptual,NA,Conceptual,NA,1,1.609437912,3,3,4.666666667,5,1,0,3.857142857,2
Applied,Applied,Applied,Applied,1,3.660994251,4,3.666666667,3.333333333,3.6,1,1,3.714285714,6
Conceptual,Conceptual,Conceptual,Conceptual,1,2.197224577,4,3,4.5,3.4,1,1,3,0
Applied,NA,Applied,NA,1,1.386294361,7,3,1.333333333,3,1,1,3.142857143,3
Applied,NA,Applied,NA,6,4.276666119,7,5,4.5,2.8,NA,1,3.857142857,9
Applied,Applied,Applied,Applied,2,3.610917913,7,3.666666667,4.666666667,3.8,0,1,4,4
Conceptual,Conceptual,Conceptual,Conceptual,2,2.63905733,7,3,5,5,1,1,3.571428571,1
None,None,None,None,1,3.33220451,6,1.666666667,4.666666667,3.8,0,1,2.857142857,4
Applied,Conceptual,Applied,Conceptual,6,3.610917913,4,4.333333333,4,4,0,0,3.5,4
Applied,NA,Applied,NA,NA,3.555348061,4,5,4.666666667,5,1,0,4.285714286,6
Applied,Applied,Applied,Applied,1,2.302585093,6,5,5,4.6,0,1,4.571428571,4
Conceptual,NA,Conceptual,NA,2,2.442347035,3,3,2.666666667,4,0,1,3,2
Applied,NA,Applied,NA,3,4.262679877,5,4.666666667,3.666666667,2,1,1,3,2
Applied,Applied,Applied,Applied,5,5.541263545,6,3.333333333,4.5,4.4,1,1,3.714285714,7
Conceptual,Conceptual,Conceptual,Conceptual,4,5.192956851,4,2.666666667,4.666666667,4,1,1,3.142857143,2
Applied,Applied,Applied,Applied,4,5.347107531,7,5,4.333333333,4.2,0,1,4,5
Applied,Applied,Applied,Applied,5,5.438079309,7,5,4,4.4,0,1,4.428571429,7
None,None,None,None,2,3.465735903,4,5,4.333333333,4.2,1,0,2.714285714,2
Conceptual,Applied,Conceptual,Applied,2,4.189654742,4,4,4.5,5,0,1,3.428571429,2
None,None,None,None,1,1.609437912,4,3.333333333,4.166666667,3.6,0,1,3.142857143,2
None,None,None,None,2,3.688879454,4,3,2.333333333,1.8,1,0,2.285714286,1
None,NA,None,NA,4,4.356708827,6,4.333333333,4.4,4.4,0,0,3,2
Conceptual,Conceptual,Conceptual,Conceptual,4,4.882801923,4,2,3.666666667,2.8,0,1,3.571428571,2
Applied,NA,Applied,NA,5,5.789960171,4,5,5,5,0,1,4.285714286,3
Applied,Applied,Applied,Applied,3,4.477336814,4,3.333333333,4.333333333,3.6,0,1,3.142857143,9
Applied,Applied,Applied,Applied,2,2.708050201,5,3,4.333333333,3.6,0,1,5,6
None,None,None,None,3,5.298317367,4,2,4.333333333,1.4,0,1,3.714285714,3
Applied,None,Applied,None,4,4.494238625,6,4.666666667,4.333333333,3.6,0,1,3.714285714,3
None,None,None,None,3,4.8978398,4,3.333333333,4,4.2,1,0,4.142857143,4
Conceptual,Conceptual,Conceptual,Conceptual,2,2.912350665,6,5,5,5,0,1,5,5
Applied,Applied,Applied,Applied,4,4.762173935,6,4,3,3,1,0,5,2
Conceptual,Applied,Conceptual,Applied,2,2.564949357,7,3.333333333,4.666666667,3.4,0,1,3.285714286,5
Conceptual,None,Conceptual,None,1,2.079441542,7,2.666666667,3.166666667,1.4,0,1,3.857142857,3
Applied,Applied,Applied,Applied,1,3.135494216,5,4,3.8,4,1,0,3.285714286,10
Conceptual,Conceptual,Conceptual,Conceptual,2,3.63758616,7,4.333333333,5,5,0,1,4.428571429,5
Conceptual,NA,Conceptual,NA,6,5.857933154,3,3,5,5,0,1,2.857142857,6
None,None,None,None,2,3.688879454,5,4,4.333333333,1.4,1,0,1.142857143,4
Applied,Applied,Applied,Applied,2,3.610917913,5,3.666666667,4.5,3.6,0,1,4.142857143,1
Conceptual,Conceptual,Conceptual,Conceptual,3,3.688879454,4,3.666666667,2.833333333,4,NA,1,2.857142857,3
Conceptual,NA,Conceptual,NA,NA,5.857933154,6,4.333333333,4.666666667,4.2,1,0,3.428571429,6
Conceptual,NA,Conceptual,NA,4,4.317488114,4,NA,4,4,1,1,2.285714286,3
None,None,None,None,1,2.014903021,5,NA,5,5,1,1,1,3
Conceptual,Conceptual,Conceptual,Conceptual,1,2.079441542,6,2.333333333,3.333333333,3.2,0,0,2.571428571,7
Conceptual,Conceptual,Conceptual,Conceptual,4,4.634728988,7,3,4.666666667,3,0,1,3.285714286,2
Applied,Applied,Applied,Applied,1,2.079441542,4,4.333333333,1.333333333,4.2,0,0,2.142857143,0
None,None,None,None,1,2.890371758,4,3.666666667,4.166666667,4,1,0,2.571428571,3
Applied,NA,Applied,NA,3,3.688879454,6,1,4,4,1,1,4.571428571,9
None,None,None,None,1,2.48490665,7,1.666666667,2.4,5,0,1,2.714285714,2
None,None,None,None,1,2.079441542,6,3,4,2.8,0,0,1.428571429,3
Applied,Applied,Applied,Applied,1,1.386294361,4,4,4.166666667,3.8,0,1,4.428571429,3
None,None,None,None,4,5.323009979,4,2.333333333,4.666666667,2.8,0,1,3.142857143,2
Applied,Applied,Applied,Applied,3,4.143134726,7,2.666666667,5,4.6,1,1,3.857142857,5
Applied,NA,Applied,NA,2,2.995732274,7,5,4.333333333,1.4,0,0,3.857142857,3
None,None,None,None,3,3.17805383,6,3,4.666666667,1.4,1,0,3.428571429,4
Conceptual,Conceptual,Conceptual,Conceptual,3,3.850147602,7,4,4.833333333,4.8,1,0,3.428571429,5
None,None,None,None,1,2.995732274,3,5,3,3,1,1,2.857142857,15
Applied,Applied,Applied,Applied,3,3.912023005,6,5,NA,NA,0,0,3.142857143,9
Conceptual,NA,Conceptual,NA,2,3.218875825,7,4.333333333,3,4,1,0,3.857142857,4
None,None,None,None,1,2.63905733,7,3,5,2.2,0,1,3.285714286,4
Applied,Applied,Applied,Applied,3,3.610917913,5,5,4,3.2,1,0,3.857142857,1
Applied,Applied,Applied,Applied,3,5.209486153,3,2.333333333,4.8,1,1,0,3.142857143,3
None,None,None,None,NA,4.442651256,4,4,4.333333333,4.8,1,1,4,4
None,Conceptual,None,Applied,3,4.276666119,3,3.333333333,4.5,3.6,NA,0,3.285714286,8
Applied,NA,Applied,NA,2,2.917770732,4,NA,5,4,NA,0,3.142857143,1
None,None,None,None,NA,2.708050201,4,5,4.5,4.8,1,0,4.285714286,2
Conceptual,Conceptual,Conceptual,Conceptual,4,3.401197382,7,3.666666667,4.666666667,3.75,1,0,3.857142857,3
Applied,Applied,Applied,Applied,4,3.218875825,3,NA,5,5,1,0,3.833333333,2
Conceptual,Conceptual,Conceptual,Conceptual,NA,2.708050201,7,5,4.5,4.8,NA,0,3.142857143,7
Conceptual,Conceptual,Conceptual,Conceptual,2,3.401197382,7,4,4,4.8,1,1,3.714285714,7
None,None,None,None,NA,2.890371758,6,1.666666667,2.333333333,1.8,0,1,3.142857143,3
None,None,None,None,3,2.564949357,4,3.666666667,5,NA,1,1,2.285714286,1
Applied,Applied,Applied,Applied,1,2.890371758,7,3.666666667,5,5,0,1,4,7
Conceptual,Conceptual,Conceptual,Conceptual,2,2.995732274,5,3,4.666666667,5,1,0,5,3
Applied,NA,Applied,NA,3,3.784189634,2,1,4,3.8,1,0,3.571428571,5
Conceptual,Applied,Conceptual,Applied,2,3.828641396,4,3.666666667,4.2,4.8,1,0,4.285714286,5
None,None,None,None,1,2.890371758,6,2.666666667,NA,NA,NA,0,1.666666667,0
Applied,Applied,Applied,Applied,6,6.872128101,6,3.666666667,4.333333333,4.2,NA,1,3.142857143,3
None,None,None,None,1,4.248495242,6,3,4.666666667,4.4,0,1,4.285714286,3
Conceptual,None,Conceptual,None,4,3.931825633,3,4,3.666666667,4.4,1,1,4,3
Applied,Applied,Applied,Applied,3,2.995732274,4,3.666666667,4.666666667,4.6,1,0,3.285714286,4
Conceptual,Conceptual,Conceptual,Conceptual,2,2.708050201,3,5,5,5,1,1,4.285714286,2
Conceptual,None,Conceptual,None,NA,4.509760001,6,3.333333333,5,5,1,1,3.714285714,5
Conceptual,Conceptual,Conceptual,Conceptual,4,4.605170186,4,3,5,5,1,1,3.428571429,9
Conceptual,Conceptual,Conceptual,Conceptual,2,2.772588722,3,5,5,5,1,0,3.714285714,2
Conceptual,Conceptual,Conceptual,Conceptual,1,2.302585093,6,2.333333333,5,NA,1,1,3.428571429,4
Conceptual,None,Conceptual,None,5,5.135798437,7,3,4.5,4.2,1,0,1.714285714,4
Conceptual,Conceptual,Conceptual,Conceptual,4,3.63758616,2,5,5,5,0,0,3.428571429,3
Conceptual,None,Conceptual,None,6,9.137769679,7,4.666666667,4,5,0,1,3.857142857,6
Conceptual,Conceptual,Conceptual,Conceptual,1,1.609437912,4,NA,2.5,2.6,0,0,3,2
Applied,Applied,Applied,Applied,2,7.313220387,6,3.666666667,4.5,3.6,0,1,3.857142857,6
Applied,Applied,Applied,Applied,2,3.091042453,5,4.333333333,3.666666667,3.6,1,0,4.857142857,3
Conceptual,Conceptual,Conceptual,Conceptual,4,3.63758616,7,3,4,2.2,0,1,3.571428571,3
Applied,Applied,Applied,Applied,1,2.890371758,3,5,5,5,0,1,4.142857143,2
Conceptual,Conceptual,Conceptual,Conceptual,4,3.610917913,6,4,3.5,4,1,0,4.285714286,7
NA,Applied,NA,Applied,3,2.890371758,3,4.333333333,2.333333333,5,1,0,5,6
Applied,Applied,Applied,Applied,1,2.917770732,4,4.666666667,3.833333333,5,0,1,4.571428571,10
None,None,None,None,6,7.313220387,7,5,5,5,0,1,5,4
Conceptual,Conceptual,Conceptual,Conceptual,2,3.218875825,6,3,4.666666667,4.6,1,0,3.714285714,3
Applied,None,Applied,None,3,4.17438727,2,4.333333333,4.833333333,4,1,1,4.142857143,10
Conceptual,Conceptual,Conceptual,Conceptual,NA,5.075173815,6,3,4.833333333,4.6,1,1,3.428571429,5
Applied,None,Applied,None,4,5.135798437,7,3,4.166666667,3.4,0,0,3.142857143,4
Conceptual,None,Conceptual,None,3,4.787491743,6,4,4.833333333,5,1,0,3.571428571,2
Applied,NA,Applied,NA,4,5.075173815,7,5,4.5,4.75,1,0,3.285714286,13
Applied,None,Applied,None,4,5.075173815,3,2.666666667,4.5,3.25,0,0,4.285714286,6
Applied,NA,Applied,NA,3,3.688879454,4,3.666666667,5,4.2,1,0,3.714285714,2
Applied,Applied,Applied,Applied,2,3.624340933,4,5,5,5,NA,1,3,6
Conceptual,Conceptual,Conceptual,Conceptual,2,2.890371758,5,5,5,5,1,1,4.571428571,12
Applied,Applied,Applied,Applied,5,3.931825633,4,5,5,5,1,1,5,3
Conceptual,None,Conceptual,None,4,2.890371758,7,3.333333333,4.333333333,3.6,1,0,3.857142857,5
Applied,Applied,Applied,Applied,6,6.177944114,6,5,NA,NA,0,1,4.571428571,11
None,None,None,None,1,0.693147181,4,5,4.333333333,4,0,0,3.857142857,1
Applied,Applied,Applied,Applied,4,4.442651256,4,3.333333333,4.5,4,1,1,3.714285714,3
Applied,Applied,Applied,Applied,5,5.117993812,5,4,4.5,4.6,0,1,4,7
Applied,Applied,Applied,Applied,3,4.094344562,6,3.333333333,5,4.4,1,0,4.833333333,7
Conceptual,None,Conceptual,None,2,2.63905733,6,5,5,5,1,1,4.142857143,5
None,None,None,None,4,3.555348061,4,3,4,3.8,1,1,2.857142857,5
NA,NA,NA,NA,NA,4.442651256,NA,3,4.5,4.2,NA,1,3.714285714,5
Applied,Applied,Applied,Applied,1,3.688879454,4,4,3.25,5,0,1,3.428571429,3
Conceptual,None,Conceptual,None,3,7.517520851,6,3.333333333,4.666666667,4,0,1,3.571428571,10
Conceptual,Conceptual,Conceptual,Conceptual,3,3.610917913,4,4,4.666666667,4.2,0,1,4,4
Conceptual,Applied,Conceptual,Applied,NA,4.828313737,4,2,4.333333333,3.4,1,0,4.142857143,15
Conceptual,Conceptual,Conceptual,Conceptual,4,4.317488114,7,3,4.833333333,4.4,1,1,4.571428571,4
None,None,None,None,NA,5.703782475,1,3,4.5,5,1,1,2.857142857,2
None,None,None,None,3,5.393627546,5,2.333333333,4,3.2,1,1,1.857142857,3
None,None,None,None,4,3.421000009,6,3.666666667,4.666666667,3.4,0,1,2.857142857,3
None,None,None,None,4,6.907755279,4,4.333333333,1,1,0,0,3,1
Applied,Applied,Applied,Applied,1,4.266896327,6,3.666666667,3.666666667,4.75,0,0,3.714285714,6
None,None,None,None,6,8.643825842,6,2.333333333,4.666666667,3.4,0,1,2.714285714,2
Applied,Applied,Applied,Applied,2,2.302585093,4,4,5,5,0,1,4.428571429,7
Conceptual,Conceptual,Conceptual,Conceptual,4,7.458186157,6,4.333333333,4.666666667,3.2,0,1,1.714285714,2
Applied,Applied,Applied,Applied,1,1.609437912,3,5,4.5,5,0,1,4.571428571,1
None,None,None,None,2,1.386294361,5,NA,NA,NA,0,1,3.142857143,3
None,Applied,None,Applied,4,4.043051268,6,2.666666667,4.5,4.2,1,1,2.714285714,3
Applied,Applied,Applied,Applied,NA,5.198497031,6,NA,3.666666667,NA,1,0,4.857142857,3
Conceptual,Conceptual,Conceptual,Conceptual,3,3.555348061,6,5,4.666666667,3.6,0,0,1.857142857,4
None,None,None,None,5,5.010635294,6,3.333333333,4.833333333,1.6,0,1,3.428571429,3
Conceptual,None,Conceptual,None,3,7.279318835,4,NA,NA,NA,0,1,3.714285714,7
Applied,Applied,Applied,Applied,NA,0.693147181,6,4.5,4.333333333,4,1,1,4,3
Conceptual,Conceptual,Conceptual,Conceptual,NA,1.791759469,6,3.666666667,5,4.75,1,0,4.857142857,5
Applied,Applied,Applied,Applied,2,2.772588722,7,4.666666667,4,4.2,1,1,2.714285714,5
Conceptual,Conceptual,Conceptual,Conceptual,5,5.272999559,6,4,4.333333333,3.6,0,1,3.285714286,5
Applied,Conceptual,Applied,Conceptual,3,5.010635294,7,3,4.5,3.2,0,1,4.714285714,2
Conceptual,Conceptual,Conceptual,Conceptual,6,5.897153868,6,3.666666667,4.333333333,1,0,1,4.428571429,8
Applied,Applied,Applied,Applied,6,5.783825182,6,3,4.166666667,3.8,1,1,3.428571429,2
Applied,Applied,Applied,Applied,1,1.504077397,3,4,5,5,0,0,4.571428571,2
Applied,Applied,Applied,Applied,2,3.514526067,3,4,4.5,4.8,0,1,3.571428571,6
None,None,None,None,1,2.312535424,4,3,3.666666667,3.4,0,1,2.857142857,0
NA,NA,NA,NA,1,1.504077397,4,4,4.333333333,4.2,0,0,3,1
None,None,None,None,1,3.449987546,4,3,NA,NA,0,0,3.285714286,0
Applied,Applied,Applied,Applied,6,6.08221891,7,3.333333333,4.666666667,4,0,1,4.285714286,6
Conceptual,Conceptual,Conceptual,Conceptual,4,4.195697056,7,3,5,5,1,1,1.714285714,3
Applied,NA,Applied,NA,4,4.681204872,5,4,4.666666667,4.2,1,0,2,2
Conceptual,None,Conceptual,None,6,6.771213646,6,4.333333333,4.666666667,2.8,0,1,4.285714286,4
Conceptual,Conceptual,Conceptual,Conceptual,2,4.189654742,3,2.333333333,4.4,1.4,0,0,3,1
None,None,None,None,5,6.765730779,3,3,4.8,3.6,0,0,3.428571429,3
None,None,None,None,5,5.684939387,3,2,4.833333333,2.2,0,0,4,2
Applied,Applied,Applied,Applied,6,5.962035736,6,2.333333333,4.166666667,4.2,0,1,4,13
None,None,None,None,4,8.066207568,6,3.333333333,4.166666667,3.6,1,1,3,3
Applied,Applied,Applied,Applied,1,6.363028104,6,3.333333333,4.5,3.8,1,1,2.714285714,5
Applied,Applied,Applied,Applied,6,6.673297968,6,4,4.833333333,3.6,1,1,4,6
Applied,Applied,Applied,Applied,1,5.135798437,5,3.666666667,3.833333333,5,0,1,3.714285714,6
None,None,None,None,6,7.090076836,5,1,4.5,1.8,0,1,3.428571429,0
Applied,NA,Applied,NA,6,7.313220387,4,5,4.5,5,0,1,3.428571429,6
Conceptual,Conceptual,Conceptual,Conceptual,5,5.746203191,4,4,5,5,1,0,2.833333333,4
Applied,Applied,Applied,Applied,6,8.940720852,4,4.333333333,3.833333333,2.6,1,0,3.428571429,2
Applied,Applied,Applied,Applied,3,8.063062911,5,5,4.666666667,4.4,1,0,4.285714286,4
None,None,None,None,6,7.901007052,6,3,4.5,3,1,0,2.428571429,2
Applied,Applied,Applied,Applied,6,8.216088099,6,3.666666667,4.5,4.2,1,1,3.142857143,3
None,None,None,None,3,3.713572067,7,3,4.666666667,4.6,1,1,1.571428571,7
NA,NA,NA,NA,2,5.030437921,3,NA,NA,5,1,0,NA,1
None,None,None,None,NA,5.990464047,6,2.666666667,4.666666667,3.4,1,0,2.285714286,2
Conceptual,Conceptual,Conceptual,Conceptual,5,6.552507887,6,4,3.833333333,3.4,0,1,3.285714286,4
Conceptual,Conceptual,Conceptual,Conceptual,4,2.890371758,5,1,4.833333333,3.4,1,0,5,4
Conceptual,Conceptual,Conceptual,Conceptual,2,6.064947324,7,3,4.333333333,4,1,1,4.285714286,4
Applied,Applied,Applied,Applied,NA,5.482304203,6,3,5,3.6,1,1,4,5
Applied,NA,Applied,NA,1,0,3,5,5,3.6,1,1,3.571428571,0
Conceptual,Conceptual,Conceptual,Conceptual,1,2.833213344,7,1.666666667,3.5,3,0,0,4.571428571,2
Conceptual,Conceptual,Conceptual,Conceptual,4,5.226821365,6,4.333333333,4.333333333,2.8,0,1,3.571428571,1
Applied,Applied,Applied,Applied,6,6.987859523,6,4,2,3.6,0,1,4,2
Applied,Applied,Applied,Applied,3,3.931825633,5,NA,4.5,NA,0,0,5,1
None,None,None,None,6,9.120415664,6,4.333333333,3.8,4.2,1,1,3.571428571,4
Applied,Applied,Applied,Applied,1,3.496507561,7,4.666666667,4.666666667,3.8,0,1,4.428571429,3
Conceptual,Conceptual,Conceptual,Conceptual,2,3.583518938,5,4,4.333333333,2.4,1,1,3.857142857,2
Applied,NA,Applied,NA,2,2.564949357,6,3.666666667,3.666666667,3.4,0,1,3.857142857,1
Applied,Applied,Applied,Applied,2,3.912023005,3,3,3.833333333,4,1,1,3.285714286,8
None,NA,None,NA,2,3.688879454,6,1,NA,NA,NA,1,2.857142857,1
Applied,Applied,Applied,Applied,4,4.094344562,4,3.666666667,4.166666667,4.6,1,1,4.714285714,4
Conceptual,Conceptual,Applied,Applied,6,6.309918278,6,2,4.5,4,1,1,4,5
Conceptual,Conceptual,Conceptual,Conceptual,1,1.945910149,5,3,3.333333333,3.8,0,1,3.142857143,2
NA,NA,NA,NA,2,3.912023005,5,4,5,1.2,1,1,NA,2
None,None,None,None,6,5.991464547,4,3.333333333,4.166666667,3.4,1,1,3.571428571,2
Applied,Applied,Applied,Applied,NA,4.48863637,6,4.666666667,4.666666667,3.6,0,1,3.571428571,5
Applied,Applied,Applied,Applied,5,5.521460918,6,4,5,5,0,0,3.714285714,2
Conceptual,Conceptual,Conceptual,Conceptual,4,3.871201011,4,4.333333333,4.4,4.8,0,0,3.857142857,4
Conceptual,Conceptual,Conceptual,Conceptual,6,7.434257382,6,2.666666667,4.666666667,3.8,1,1,5,5
Conceptual,Applied,Conceptual,Applied,6,7.090076836,4,3.666666667,4.166666667,3.6,0,1,2.857142857,0
Applied,NA,Applied,NA,6,5.438079309,7,3.333333333,4.333333333,5,1,0,3.714285714,3
None,None,None,None,5,4.700480366,7,5,5,4.2,1,0,2.714285714,2
NA,NA,NA,NA,1,1.386294361,6,1,1,1,0,1,NA,0
Applied,NA,Applied,NA,2,2.890371758,7,5,5,5,0,1,3.75,5
Applied,NA,Applied,NA,NA,5.857933154,1,5,5,5,1,0,5,1
None,None,None,None,4,3.218875825,4,3,4.666666667,3.6,1,0,2.857142857,4
None,None,None,None,2,2.995732274,7,4.333333333,2.833333333,2.8,NA,1,3.285714286,3
None,None,None,None,5,5.703782475,6,3,4.333333333,3.2,1,1,3,4
NA,NA,NA,NA,4,3.555348061,7,5,5,4.8,0,1,3.285714286,2
None,None,None,None,1,3.218875825,6,2,NA,NA,0,0,3.428571429,0
Applied,Applied,Applied,Applied,3,3.496507561,7,5,5,5,NA,1,4,11
Conceptual,Applied,Conceptual,Applied,6,7.090076836,4,3.666666667,4.166666667,3.6,0,1,2.857142857,0
Applied,Applied,Applied,Applied,2,5.866468057,4,4,4.666666667,4,1,1,3.428571429,4
None,None,None,None,4,2.014903021,4,3,3.833333333,2.6,0,0,3.857142857,3
Conceptual,None,Conceptual,None,6,7.824046011,6,3.666666667,5,4.6,0,1,2.428571429,2
None,NA,None,NA,1,2.240709689,4,1,NA,5,NA,0,3.142857143,1
None,None,None,None,6,6.511299465,4,5,5,NA,0,0,2.571428571,2
None,None,None,None,6,6.50697916,4,2.333333333,3.333333333,4.75,0,1,3,5
Conceptual,Conceptual,Conceptual,Conceptual,3,1.410986974,7,2,3.833333333,3.2,0,0,3,1
None,None,None,None,6,8.920346296,4,3,4.833333333,4.8,1,0,4.142857143,11
NA,NA,NA,NA,NA,6.115450527,6,2,5,5,1,0,5,5
Applied,Applied,Applied,Applied,4,0,4,5,4.333333333,4.2,0,1,3.571428571,3
None,None,None,None,6,0,7,4.666666667,3.833333333,3,0,1,3.142857143,3
Applied,Applied,Applied,Applied,2,5.554547471,3,3.333333333,NA,NA,1,0,2.857142857,7
Applied,Applied,Applied,Applied,2,2.965273066,7,NA,5,NA,1,1,3.285714286,6
Conceptual,Conceptual,Conceptual,Conceptual,1,4.219507705,7,3.666666667,4,3.8,0,1,3.142857143,3
NA,NA,NA,NA,1,3.737669618,6,2.666666667,2,1,0,1,4.142857143,0
Applied,Applied,Applied,Applied,1,1.386294361,7,5,5,5,0,1,3.8,11
Conceptual,Conceptual,Conceptual,Conceptual,1,4.794136286,3,3.666666667,3.5,3.8,0,0,2.857142857,0
None,None,None,None,4,4.467056884,7,2.333333333,4.166666667,3.2,1,1,3.428571429,3
Conceptual,Conceptual,Conceptual,Conceptual,3,5.586499314,6,3,5,4.8,0,0,3.142857143,1
Conceptual,Conceptual,Applied,Applied,NA,7.740707879,6,3,4.333333333,5,1,1,3.571428571,3
Applied,Applied,Applied,Applied,1,1.360976553,5,4,4.333333333,4.6,0,0,3.714285714,2
Conceptual,Conceptual,Conceptual,Conceptual,1,2.079441542,3,2,4.666666667,3.2,0,0,2.857142857,5
Applied,Applied,Applied,Applied,1,0.78845736,6,3.666666667,4.666666667,3.2,0,0,3.428571429,4
Conceptual,Conceptual,Conceptual,Conceptual,1,1.252762968,5,4,4.5,5,0,0,2.714285714,3
Conceptual,Conceptual,Conceptual,Conceptual,3,2.617395833,3,4,4.666666667,4.4,0,0,2.666666667,2
NA,Applied,NA,Applied,2,2.797281335,4,1,5,NA,NA,0,3,3
NA,NA,NA,NA,2,2.785011242,2,NA,4,NA,NA,0,3,0
None,None,None,None,NA,2.564949357,NA,NA,2,2,NA,0,NA,0
Conceptual,NA,Conceptual,NA,1,0,3,5,5,NA,1,0,1,1
None,None,None,None,1,1.335001067,4,3,4.333333333,3,0,0,3,2
NA,NA,NA,NA,1,2.028148247,3,NA,4,NA,1,0,4,7
None,None,None,None,1,1.223775432,7,3.333333333,3.5,4,0,0,2.285714286,0
Applied,Applied,Applied,Applied,1,0.405465108,4,4,5,5,0,1,3,1
None,None,None,None,4,3.706228092,6,3.666666667,2.833333333,1.8,1,1,3.571428571,3
Applied,Applied,Applied,Applied,2,4.104294893,4,1,2.833333333,1,0,0,3.428571429,2
Conceptual,NA,Conceptual,NA,1,2.174751721,7,4.333333333,4.333333333,3.2,0,0,1.857142857,3
Conceptual,None,Conceptual,None,1,3.555348061,6,2.333333333,3,2.6,1,1,3.714285714,2
Conceptual,Conceptual,Conceptual,Conceptual,3,2.856470206,3,3,5,4.8,0,0,3.142857143,1
Conceptual,Conceptual,Conceptual,Conceptual,5,4.878246106,6,3,3.666666667,2.8,1,0,3.714285714,5
None,NA,None,NA,1,2.079441542,3,2.666666667,NA,NA,0,0,2.714285714,0
None,None,None,None,4,2.734367509,7,5,3.8,1,1,0,2.571428571,2
Conceptual,Conceptual,Conceptual,Conceptual,3,6.014936903,3,3,5,4.8,0,0,3.142857143,1
Applied,Applied,Applied,Applied,1,2.917770732,3,3,3.333333333,3,0,0,3,0
Conceptual,Conceptual,Conceptual,Conceptual,3,2.844909384,3,2,4,3.4,0,0,3.857142857,5
Conceptual,NA,Conceptual,NA,1,3.424262655,NA,5,4,5,NA,1,3.285714286,1
Conceptual,Conceptual,Conceptual,Conceptual,2,0.693147181,4,5,4.333333333,5,1,0,3.428571429,2
None,None,None,None,4,3.135494216,6,1,4.166666667,5,1,0,2.714285714,5
Conceptual,NA,Conceptual,NA,1,1.386294361,4,3,4,5,0,0,3.428571429,0
Conceptual,NA,Conceptual,NA,3,3.63758616,3,3,4.5,3.6,1,0,2.571428571,2
Applied,Applied,Applied,Applied,2,3.80666249,6,3,4.666666667,4,0,1,3.428571429,3
Conceptual,Conceptual,Conceptual,Conceptual,2,2.772588722,5,3,4.666666667,4.6,0,0,3,1
Applied,NA,Applied,NA,6,6.960727164,3,2.666666667,4.166666667,3.6,1,1,2.428571429,1
NA,NA,NA,NA,1,2.116255515,2,NA,2.333333333,5,1,1,3.428571429,2
None,None,None,None,NA,3.04927304,7,2,4,2.8,0,0,3,1
NA,Conceptual,NA,Conceptual,1,3.650658241,5,5,5,5,0,0,4,0
Applied,NA,Applied,NA,1,2.772588722,3,3,4.666666667,5,1,1,3,5
None,None,None,None,2,4.007333185,7,2.666666667,4.166666667,2.6,0,0,3.714285714,0
NA,NA,NA,NA,1,2.302585093,3,NA,NA,NA,0,0,3.714285714,0
None,None,None,None,3,3.453157121,3,2.333333333,1,1,0,0,3,6
None,None,None,None,1,2.251291799,6,4,NA,NA,0,0,3.428571429,0
Applied,Applied,Applied,Applied,1,3.824284091,6,4,5,NA,0,0,3.857142857,0
None,None,None,None,3,6.333101992,7,1.666666667,4,1,0,1,4.428571429,3
None,None,None,None,1,2.079441542,4,1,1,1,0,0,3,0
None,None,None,None,2,3.091042453,5,3,1,1,0,1,2.714285714,0
Applied,Applied,Applied,Applied,1,4.379523504,3,3,5,5,1,0,1,13
NA,NA,NA,NA,1,3.335769576,4,NA,4.166666667,4.5,0,1,4,1
None,None,None,None,1,3.597312261,2,5,4.2,1.6,0,0,3,3
Conceptual,Applied,Conceptual,Applied,NA,5.846149716,6,2,3.833333333,2.8,0,1,3.571428571,4
Conceptual,Conceptual,Conceptual,Conceptual,NA,0.832909123,6,2.333333333,4.166666667,5,0,0,3.428571429,3
None,None,None,None,1,1.064710737,3,1,1,3.4,0,0,3,0
Conceptual,Applied,Applied,Applied,1,2.778819272,6,4,4.333333333,4.2,0,1,3,1
Applied,Applied,Applied,Applied,3,3.46260601,6,2,4.666666667,1.4,0,0,3,3
Applied,Applied,Applied,Applied,2,4.710430697,6,NA,4,NA,1,1,4.142857143,2
NA,NA,NA,NA,1,2.292534757,4,NA,1,1,0,0,3,0
Applied,Conceptual,Applied,Conceptual,1,3.034952987,7,3.333333333,4.166666667,4.4,0,1,4.571428571,3
Conceptual,Conceptual,Conceptual,Conceptual,1,2.312535424,4,4,4.833333333,5,0,0,3.428571429,0
NA,NA,NA,NA,1,3.850147602,6,NA,NA,NA,NA,0,NA,6
None,None,None,None,1,2.509599262,4,4,2,3.4,0,0,3.714285714,0
None,None,None,None,1,0,5,3,1,2.2,0,0,3.666666667,1
NA,NA,NA,NA,2,2.708050201,4,2.666666667,4.5,4,0,0,3,1
Conceptual,Conceptual,Conceptual,Conceptual,1,5.016617366,6,4.666666667,4.5,4.8,0,1,3.571428571,2
Applied,Applied,Applied,Applied,1,6.507038878,6,3,4.166666667,3,0,1,3.857142857,4
NA,NA,NA,NA,1,3.295836866,4,5,5,5,NA,1,3,5
Applied,Applied,Applied,Applied,5,3.618993327,4,4,4.666666667,4.4,0,1,3,9
NA,NA,NA,NA,NA,2.272125886,3,2,1,1,NA,0,3,0
None,None,None,None,1,2.833213344,3,NA,1,1,0,0,2.714285714,1
None,Conceptual,None,Conceptual,1,2.459588842,3,3,3,4,0,0,2.142857143,2
Applied,Applied,Applied,Applied,1,2.772588722,4,5,4,4,0,0,4.142857143,0
NA,NA,NA,NA,2,2.563409711,4,NA,NA,NA,NA,0,NA,0
None,None,None,None,2,4.894850261,6,3,3.666666667,4.2,0,1,3,3
Conceptual,Conceptual,Conceptual,Conceptual,NA,2.302585093,5,3,3.666666667,2.8,0,1,2.857142857,2
Conceptual,Conceptual,Conceptual,Conceptual,6,7.326465614,6,3,4.5,4.4,0,1,3.285714286,1
Conceptual,Conceptual,Conceptual,Conceptual,1,3.044522438,5,5,1,1,0,0,4.714285714,0
Conceptual,Conceptual,Conceptual,Conceptual,2,4.605170186,4,5,4,4.4,1,0,4.571428571,2
Conceptual,NA,Conceptual,NA,2,1.609437912,6,5,4.5,2.6,0,1,3.714285714,2
None,None,None,None,NA,1.945910149,6,2.666666667,NA,NA,0,0,3.857142857,1
None,None,None,None,1,3.218875825,7,NA,NA,NA,NA,0,2.428571429,1
NA,NA,NA,NA,1,2.028148247,5,3,2.8,2.8,0,0,3,2
NA,NA,NA,NA,5,5.703782475,3,3.666666667,4.833333333,5,1,1,3.285714286,1
Applied,Applied,Applied,Applied,1,4.133565275,7,4,4.333333333,3,0,1,4,6
Applied,Conceptual,Applied,Applied,1,2.302585093,3,3,3.666666667,3.8,1,1,2.857142857,2
Conceptual,None,Conceptual,None,1,2.197224577,6,1.666666667,2.333333333,3.8,0,0,3.857142857,0
None,None,None,None,1,2.850706502,5,3,4.333333333,3,0,1,2.571428571,0
Conceptual,Applied,Conceptual,Applied,2,3.339321978,4,4,5,5,0,0,3.571428571,1
Conceptual,Conceptual,Applied,Applied,3,4.247065649,NA,5,3.666666667,2.4,0,0,4,3
None,None,None,None,4,5.186826991,4,3,4.666666667,4.4,1,1,3,7
Conceptual,Conceptual,Conceptual,Conceptual,5,5.732369932,7,3.666666667,4,3.8,0,0,2.5,7
Conceptual,Conceptual,Conceptual,Conceptual,6,6.654925417,4,3,4.666666667,4.2,0,1,4.285714286,5
None,Conceptual,None,Conceptual,6,8.530977746,7,3.333333333,4,2.8,1,1,2.714285714,3
Applied,Applied,Applied,Applied,5,4.644390899,3,1.333333333,5,5,NA,1,4.428571429,1
Conceptual,Conceptual,Conceptual,Conceptual,2,4.007333185,4,4,4.4,4,0,1,4.142857143,4
Applied,Conceptual,Applied,Conceptual,1,3.688879454,6,4,4.666666667,4.8,1,1,3.571428571,3
Applied,NA,Applied,NA,6,7.23417718,2,5,4.333333333,4.2,1,1,2.714285714,4
Conceptual,None,Conceptual,None,NA,6.551080335,6,3,5,4.2,1,0,4.285714286,7
Applied,Applied,Applied,Applied,2,2.302585093,7,3.666666667,4.666666667,4,0,1,4.142857143,5
Applied,Applied,Applied,Applied,6,5.271973391,7,3.333333333,4.4,4.6,0,1,3.571428571,7
Applied,Applied,Applied,Applied,2,2.595254707,3,3.666666667,5,4.75,1,1,3.142857143,5
Conceptual,Conceptual,Conceptual,Conceptual,2,3.314186005,4,2.666666667,5,5,1,1,3.571428571,8
Applied,Conceptual,Applied,Applied,1,3.33220451,2,5,4,4,0,0,4,3
NA,Applied,NA,Applied,3,4.238444906,3,1,5,NA,1,1,3,3
Applied,Applied,Applied,Applied,2,3.465735903,3,3.333333333,3.666666667,4.4,1,0,2.857142857,7
Applied,Applied,Applied,Applied,3,3.218875825,5,3.333333333,3.666666667,4.2,1,1,4.142857143,2
Applied,Applied,Applied,Applied,2,4.105943698,7,2.666666667,3.5,4.4,0,0,4.142857143,7
Conceptual,None,Applied,None,6,5.893576046,7,2,3.5,2.2,0,1,3.857142857,3
Conceptual,Conceptual,Conceptual,Conceptual,2,3.086486637,6,3,4.666666667,5,0,1,3.142857143,1
Conceptual,Conceptual,Conceptual,Conceptual,6,7.032271154,6,2,4.333333333,4,0,1,4,4
Applied,Applied,Applied,Applied,4,5.708106446,7,5,4.6,4,0,0,4,10
Applied,Applied,Applied,Applied,3,1.435084525,7,3,4,3.8,0,1,3.428571429,3
Conceptual,Conceptual,Conceptual,Conceptual,2,1.335001067,6,3,4.666666667,5,0,1,3.142857143,1
Conceptual,Conceptual,Conceptual,Conceptual,3,2.727852828,6,4,3.8,4,0,1,3.571428571,5
None,None,None,None,4,5.298317367,6,NA,5,NA,1,0,3.142857143,2
None,None,None,None,3,8.101677747,6,3.333333333,3.5,4,0,0,2.833333333,1
None,None,None,None,4,4.343805422,4,4,4.5,4.6,1,0,3.571428571,3
Conceptual,Applied,Conceptual,Applied,2,6.192362489,5,3,3.666666667,4,0,1,3.571428571,10
Conceptual,Conceptual,Conceptual,Conceptual,5,7.071063897,7,4,3,1,0,0,3.857142857,3
Conceptual,Conceptual,Conceptual,Conceptual,6,5.093750201,6,2,4.166666667,5,1,0,4.142857143,3
Applied,Applied,Applied,Applied,4,6.371611847,3,2.333333333,4.166666667,4.8,0,1,3.833333333,2
None,None,None,None,6,6.250168274,6,3.666666667,5,4.6,0,0,4.571428571,6
Conceptual,NA,Conceptual,NA,4,4.248495242,3,5,3.75,2.4,1,0,3.857142857,0
Conceptual,Conceptual,Conceptual,Conceptual,2,1.791759469,3,1,3.166666667,4.2,1,0,3.285714286,3
Conceptual,Conceptual,Conceptual,Conceptual,NA,6.141908365,6,3.666666667,5,4.6,1,1,3,4
Conceptual,Conceptual,Conceptual,Conceptual,5,6.302435809,6,3,5,4.2,0,1,4.285714286,5
Conceptual,Conceptual,Conceptual,Conceptual,2,5.886354,4,3.333333333,3.833333333,4.6,0,1,3.428571429,4
Applied,Applied,Applied,Applied,4,4.626931678,6,3.333333333,5,5,1,1,3.428571429,3
None,None,None,None,6,8.836373931,6,3.666666667,5,3.8,1,0,2.857142857,3
Conceptual,NA,Conceptual,NA,2,4.356708827,3,4.333333333,5,4.4,0,1,4.142857143,1
Conceptual,Conceptual,Conceptual,Conceptual,6,6.345636361,7,3,4.5,4.4,0,1,3.428571429,5
Conceptual,Conceptual,Conceptual,Conceptual,3,4.874433673,6,3.666666667,4.666666667,5,0,1,4.142857143,9
Conceptual,Applied,Conceptual,Applied,6,5.899623343,4,2.333333333,3.833333333,3.4,0,1,3.714285714,8
None,None,None,None,2,7.466055917,7,4,4.333333333,4,1,1,4.285714286,3
Conceptual,NA,Conceptual,NA,6,6.401917197,6,NA,4,3.4,0,1,4,6
None,None,None,None,2,6.583132559,6,4,4.833333333,4.2,1,1,3.571428571,8
Conceptual,Conceptual,Conceptual,Conceptual,3,7.258412151,6,3.666666667,4.666666667,4.2,0,1,3.571428571,9
None,None,None,None,3,1.609437912,4,3.666666667,NA,NA,0,0,3,2
Applied,NA,Applied,NA,4,2.944438979,4,3.333333333,4.5,5,0,1,4.571428571,3
Applied,NA,Applied,NA,3,6.152732695,4,NA,5,5,1,0,3.5,3
None,None,None,None,6,6.80461452,7,2.333333333,5,2.6,0,0,2.857142857,6
None,None,None,None,6,5.521460918,7,3,4.666666667,4.2,0,0,3.571428571,4
Conceptual,Conceptual,Conceptual,Conceptual,1,0.845868268,7,4.333333333,4.833333333,4.4,1,1,4.714285714,2
Applied,NA,Applied,NA,5,4.639571613,3,4.333333333,5,5,0,1,4.571428571,1
Applied,Applied,Applied,Applied,5,5.226230428,6,2.333333333,4.333333333,5,1,0,4.142857143,4
None,None,None,None,4,5.842674474,6,3,4,1.8,0,1,3.166666667,2
Conceptual,Conceptual,Conceptual,Conceptual,5,5.652839996,3,2.333333333,3,2.2,1,1,3.285714286,1
None,None,None,None,6,4.541164856,5,4.333333333,4.333333333,4,0,0,4.285714286,1
None,Conceptual,None,Conceptual,3,6.441345185,6,3,3.5,5,0,1,3.571428571,5
Conceptual,Conceptual,Conceptual,Conceptual,1,2.509599262,6,3,4.166666667,4.6,0,0,4,0
Conceptual,Conceptual,Conceptual,Conceptual,5,4.850466542,7,4.333333333,5,4.75,1,1,4.142857143,2
None,None,None,None,4,2.895911938,6,2.333333333,3.666666667,1.4,0,0,3.428571429,1
Applied,Applied,Applied,Applied,4,3.981549068,4,3,4,3.8,1,0,4.142857143,6
Conceptual,Conceptual,Conceptual,Conceptual,2,3.931825633,5,4.666666667,4.333333333,4,1,0,2.714285714,1
None,None,None,None,6,5.19462213,3,3,4.333333333,4.2,1,0,2.714285714,5
None,None,None,None,5,5.085124146,7,4.333333333,5,4.2,0,1,3.714285714,7
Conceptual,Conceptual,Conceptual,Conceptual,5,5.241217775,6,3,4.666666667,5,1,1,4.428571429,2
None,None,None,None,NA,6.590987626,6,3,3.5,5,0,1,3.857142857,4
Conceptual,None,Conceptual,None,2,3.242592351,4,2.666666667,4.166666667,4.2,0,1,3.571428571,4
Conceptual,Conceptual,Conceptual,Conceptual,4,3.64805746,6,3.666666667,5,5,1,0,5,5
Applied,Applied,Applied,Applied,2,2.727852828,5,2.333333333,2.833333333,3,1,0,4,5
Conceptual,Applied,Conceptual,Applied,3,4.712947778,6,4.333333333,3.833333333,3.8,0,1,4.285714286,6
Conceptual,Conceptual,Applied,Applied,3,2.370243741,5,4,3.6,3.8,1,0,3.714285714,4
Applied,Applied,Applied,Applied,4,3.688879454,3,3.333333333,5,5,1,0,3.428571429,2
None,NA,None,NA,2,3.063390922,3,2.666666667,4,2.8,1,0,3.714285714,0
Applied,Applied,Applied,Applied,3,4.516338972,5,1.666666667,3.833333333,3.4,1,1,4.142857143,2
NA,NA,NA,NA,4,4.317488114,6,2.666666667,4,3.4,1,1,3.571428571,4
Conceptual,Conceptual,Applied,Applied,1,3.608211551,6,2.333333333,4.833333333,3.8,1,1,4,3
None,None,None,None,2,2.714694744,3,2.333333333,4.333333333,5,0,1,3,3
None,None,None,None,5,5.913503006,6,3.333333333,4.333333333,2.4,0,0,3.142857143,4
Conceptual,Conceptual,Conceptual,Conceptual,6,6.058655797,6,3,3.5,1,1,1,3.142857143,0
Conceptual,Applied,Conceptual,Applied,2,4.440295543,3,4.333333333,3.833333333,3.8,1,0,3,3
Conceptual,None,Conceptual,None,NA,5.576327819,6,4,4.666666667,2.8,0,1,3.571428571,2
Applied,Applied,Applied,Applied,2,2.949688335,6,3.666666667,4.166666667,4.8,0,1,3.714285714,3
Conceptual,Conceptual,Conceptual,Conceptual,1,2.415913778,7,4,4.666666667,2.6,1,0,3.666666667,4
Conceptual,Conceptual,Conceptual,Conceptual,2,6.570462706,6,4,4,4.2,0,0,3.333333333,3
None,None,None,None,2,3.47506723,6,1.5,5,NA,0,0,2,1
Conceptual,Conceptual,Conceptual,Conceptual,5,5.554895694,4,2.666666667,4.666666667,2.8,1,1,3.714285714,5
Conceptual,Conceptual,Conceptual,Conceptual,1,1.609437912,5,3,4.166666667,4.4,0,1,4.428571429,5
Applied,Applied,Applied,Applied,2,4.11414719,6,4,5,5,1,1,3.285714286,5
Applied,None,Applied,None,NA,1.568615918,6,5,NA,5,1,1,2.714285714,1
Conceptual,Conceptual,Conceptual,Conceptual,6,4.363098625,6,2,4.333333333,2,0,0,3.285714286,3
None,None,None,None,5,4.382026635,NA,3,5,2.6,0,0,3.285714286,4
None,NA,None,NA,6,3.877431561,4,2,5,5,1,1,2.8,6
Applied,Applied,Applied,Applied,NA,6.27174429,6,5,5,5,1,1,3.857142857,10
None,None,None,None,5,5.033048889,7,1.666666667,3.833333333,3.2,0,0,2.571428571,3
Conceptual,Conceptual,Conceptual,Conceptual,5,4.410371108,5,3.333333333,4.666666667,4.8,0,0,3,9
Conceptual,Applied,Conceptual,Applied,6,6.869430165,6,4,4.666666667,4.8,1,1,4.285714286,9
None,None,None,None,5,5.683919846,4,4,4.666666667,5,0,0,2.857142857,6
None,None,None,None,1,3.713572067,4,1.666666667,4.666666667,4.8,0,1,2.857142857,2
Conceptual,Conceptual,Conceptual,Conceptual,1,2.054123734,6,3.333333333,3.8,4.6,0,0,4.285714286,2
NA,NA,NA,NA,2,2.980618636,4,NA,4,NA,1,0,NA,1
Conceptual,Applied,Conceptual,Applied,1,2.208274414,4,NA,3.333333333,3.4,0,1,3.142857143,3
Applied,Applied,Applied,Applied,4,1.757857918,6,3,4.5,4.6,1,1,4,13
Conceptual,Conceptual,Conceptual,Conceptual,5,6.226931848,6,3.333333333,4,3.4,0,1,3.857142857,4
Conceptual,Conceptual,Conceptual,Conceptual,2,2.708050201,6,3.333333333,4.5,4.6,0,1,4,5
Conceptual,None,Conceptual,None,3,6.263398263,6,3,4.333333333,4,0,1,5,1
Applied,NA,Applied,NA,4,5.347107531,6,4.333333333,3.166666667,3.4,1,1,4.285714286,4
None,None,None,None,1,6.333812346,1,1,4.333333333,2.8,1,0,2.571428571,3
None,None,None,None,6,5.680172609,6,2.333333333,4.5,4,0,1,3.142857143,7
Conceptual,Conceptual,Conceptual,Conceptual,6,6.376386754,6,3,3.666666667,2.2,0,1,3.142857143,3
Conceptual,Conceptual,Applied,Applied,5,5.262690189,1,2.666666667,3.833333333,3.6,1,0,3.833333333,4
None,None,None,None,6,7.917237584,4,3.5,4.333333333,3,0,1,3.571428571,1
Conceptual,Conceptual,Applied,Applied,NA,5.705780477,6,3.333333333,4.333333333,5,1,0,4,6
None,None,None,None,NA,2.803360381,5,2,3.5,2.8,0,1,3,3
Conceptual,None,Applied,None,1,2.302585093,4,3,3.5,4.8,0,0,3.428571429,5
None,None,None,None,2,3.735285827,6,3,4,2.8,0,1,3.857142857,2
Applied,None,Applied,None,2,3.068052935,1,4,3.333333333,4.75,NA,1,3,5
NA,NA,NA,NA,5,4.182050143,6,3,4.333333333,4.6,NA,0,NA,2
None,None,None,None,5,4.709530201,7,2.666666667,4.5,4.4,1,0,3.142857143,1
None,None,None,None,5,5.113191882,2,4.666666667,4,4,0,1,3.428571429,1
None,None,None,None,1,0.693147181,7,2,1.5,3.8,0,0,1,3
Conceptual,Applied,Conceptual,Applied,5,4.49088104,6,2.666666667,4.666666667,4.2,0,1,3.714285714,5
Applied,Applied,Applied,Applied,3,4.470495283,6,4,5,4.75,0,1,4.285714286,3
None,None,None,None,1,2.633326655,1,NA,5,NA,0,1,2.142857143,1
None,None,None,None,2,3.660994251,4,1.333333333,3.666666667,4,0,1,2.428571429,4
Applied,Applied,Applied,Applied,1,1.686398954,6,5,4.833333333,4.75,0,0,3.428571429,6
Applied,Applied,Applied,Applied,1,2.889260029,4,2.666666667,4.166666667,4.8,1,1,3.857142857,5
Applied,Applied,Applied,Applied,5,5.298317367,6,4,4.666666667,4.2,0,1,4.142857143,4
Conceptual,NA,Conceptual,NA,3,3.718438256,3,4.333333333,5,4.4,0,1,4.142857143,1
Conceptual,Conceptual,Conceptual,Conceptual,5,4.976733742,6,3.333333333,4.666666667,3.2,0,0,3.571428571,3
Applied,Applied,Applied,Applied,NA,5.247024072,3,3.333333333,4.666666667,5,1,0,4.142857143,9
Conceptual,Conceptual,Conceptual,Conceptual,NA,5.451038454,6,3,5,4.2,1,0,4.142857143,11
None,None,None,None,1,2.079441542,6,1.5,4,NA,0,0,NA,1
Conceptual,NA,Conceptual,NA,4,5.220355825,5,4.5,4.333333333,5,0,1,4,1
Conceptual,Conceptual,Conceptual,Conceptual,1,1.335001067,4,5,4.5,5,1,1,4.428571429,1
Applied,NA,Applied,NA,1,1.386294361,7,1,4.166666667,4.2,0,0,4.571428571,4
Applied,Applied,Applied,Applied,6,6.396929655,6,3.333333333,5,4.2,0,0,3.857142857,4
Applied,Applied,Applied,Applied,2,2.833213344,5,4,5,4.6,0,0,3.285714286,3
Applied,Applied,Applied,Applied,6,5.713732806,5,3.666666667,5,4.6,1,1,4.571428571,9
None,None,None,None,2,3.091042453,1,3.333333333,4.666666667,2.6,0,1,3,4
Applied,Applied,Applied,Applied,3,3.17805383,3,3.666666667,4,3.8,0,1,4.714285714,5
Applied,Applied,Applied,Applied,4,3.951243719,3,4,3.333333333,5,1,1,4.285714286,3
None,None,None,None,6,6.558197803,6,3.333333333,4.666666667,2.6,0,1,3,4
None,None,None,None,NA,4.094344562,5,5,4.166666667,4.2,1,1,2.142857143,5
Applied,Applied,Applied,Applied,6,7.420578905,6,5,4.666666667,4,0,1,3.714285714,6
Applied,Applied,Applied,Applied,1,2.302585093,6,3.666666667,1,1,0,1,3.285714286,0
None,None,None,None,2,3.044522438,6,4.666666667,3.333333333,4.2,0,1,4.571428571,4
None,None,None,None,6,6.932447892,6,2,5,4.4,1,1,3,5
Applied,Applied,Applied,Applied,2,3.555348061,6,3,3.833333333,4,1,1,4,6
None,None,None,None,1,1.704748092,6,1,1,1,0,0,3,0
Conceptual,NA,Conceptual,NA,6,6.429719478,7,3,4.2,3.2,1,1,2.857142857,3
None,None,None,None,NA,4.406719247,4,NA,5,5,0,0,5,1
Conceptual,Conceptual,Conceptual,Conceptual,5,5.476463552,6,4,4.833333333,3.6,1,1,2,1
Conceptual,Conceptual,Conceptual,Conceptual,1,2.302585093,6,3,5,5,1,0,4.428571429,1
Applied,Applied,Applied,Applied,6,7.390181428,5,3.666666667,4,3.8,1,1,3.285714286,2
Conceptual,Conceptual,Conceptual,Conceptual,2,4.382026635,6,2.333333333,4.333333333,NA,0,1,2.857142857,3
Conceptual,None,Conceptual,None,5,5.214935758,6,4,4.5,4,0,0,3.428571429,4
None,None,None,None,6,3.555348061,6,3,3,3.6,1,1,2.857142857,1
Applied,None,Applied,None,2,2.48490665,4,2,4,3,0,1,2.714285714,1
Conceptual,Conceptual,Conceptual,Conceptual,1,2.890371758,3,4.333333333,5,4,1,1,3.142857143,6
Applied,Applied,Applied,Applied,NA,5.768320996,5,3.333333333,5,5,1,1,4,5
Applied,Applied,Applied,Applied,4,4.189654742,4,3.333333333,4.5,4.8,1,1,2.857142857,4
None,None,None,None,NA,3.044522438,4,2.333333333,5,3.6,1,1,2.857142857,3
Applied,NA,Applied,NA,3,3.526360525,6,5,4.833333333,4.75,1,1,4.571428571,6
Applied,Applied,Applied,Applied,3,3.931825633,4,5,4.666666667,5,1,1,3.714285714,8
Conceptual,None,Conceptual,None,6,5.713732806,4,3,5,5,1,1,3.285714286,5
Applied,Applied,Applied,Applied,4,2.995732274,7,3.666666667,4,4,0,1,4.285714286,3
Applied,Applied,Applied,Applied,NA,3.044522438,5,5,4,4.4,0,0,3.857142857,1
None,None,None,None,6,6.538139824,4,3.333333333,4,5,0,1,4.857142857,8
Conceptual,Conceptual,Conceptual,Conceptual,4,4.919980926,7,5,4.5,3.8,1,1,3.285714286,6
NA,NA,NA,NA,1,2.079441542,5,3,NA,NA,1,1,3.142857143,3
Conceptual,Conceptual,Conceptual,Conceptual,5,5.105945474,7,3.666666667,4.5,2.8,0,1,2.714285714,5
Conceptual,Conceptual,Conceptual,Conceptual,2,2.772588722,4,3,4.333333333,3.8,1,1,4.571428571,6
Conceptual,Conceptual,Conceptual,Conceptual,4,4.204692619,7,5,4.666666667,4.4,0,1,4.428571429,6
Conceptual,Conceptual,Conceptual,Conceptual,1,3.912023005,7,3.333333333,4.5,3.8,0,1,3.571428571,1
None,None,None,None,1,0.693147181,4,2.333333333,4,4,0,0,3.142857143,2
Applied,Applied,Applied,Applied,1,2.302585093,3,5,4.5,4.6,1,1,3.285714286,2
Conceptual,Conceptual,Conceptual,Conceptual,4,7.069023427,7,3.333333333,4.666666667,3.8,1,1,4.285714286,6
Conceptual,Conceptual,Conceptual,Conceptual,3,7.355641103,6,2.333333333,4.666666667,4.8,0,1,3.142857143,10
Applied,None,Applied,None,5,4.976733742,6,5,4.666666667,2.2,1,1,4,3
Applied,Applied,Applied,Applied,2,4.317488114,6,5,4.666666667,4.2,0,0,4.285714286,2
None,None,None,None,4,2.833213344,5,4,5,2.2,0,0,2,2
Conceptual,Conceptual,Conceptual,Conceptual,5,4.941642423,6,2,4.5,3.6,1,1,5,2
Applied,Applied,Applied,Applied,1,2.708050201,5,5,4.833333333,4.8,0,1,3.571428571,11
Applied,Applied,Applied,Applied,6,7.40731771,4,4,4.5,3.2,0,1,3.285714286,4
Conceptual,Applied,Conceptual,Applied,2,2.224623552,3,5,3.666666667,5,0,1,4.142857143,5
Applied,Applied,Applied,Applied,4,4.442651256,7,3.666666667,3.333333333,2.4,1,1,4.142857143,4
Applied,Applied,Applied,Applied,4,3.912023005,6,3.333333333,5,5,0,0,3.428571429,3
Conceptual,Conceptual,Conceptual,Conceptual,4,3.80666249,7,4,4.5,4,NA,1,3.285714286,5
None,None,None,None,2,3.401197382,7,4.666666667,4.5,3,1,1,3.571428571,4
Conceptual,Conceptual,Conceptual,Conceptual,4,4.007333185,7,5,4.333333333,4.5,1,1,4.571428571,5
Applied,Applied,Applied,Applied,5,5.298317367,5,4.666666667,3.8,4.6,0,1,4,5
Conceptual,Conceptual,Conceptual,Conceptual,1,2.302585093,3,NA,4,4,0,0,4.142857143,2
Conceptual,Conceptual,Conceptual,Conceptual,4,4.736198448,6,3.333333333,4.333333333,4,1,1,3.142857143,1
Applied,Applied,Applied,Applied,2,2.564949357,6,1.666666667,4.666666667,3.4,1,1,3.571428571,2
None,None,None,None,2,3.401197382,4,2.666666667,4,2.6,1,1,3.428571429,2
Conceptual,Conceptual,Conceptual,Conceptual,1,2.833213344,3,NA,5,NA,0,0,3,1
Conceptual,Conceptual,Conceptual,Conceptual,NA,4.828313737,7,2,5,3,0,1,4.714285714,3
Conceptual,Applied,Conceptual,Applied,5,3.624340933,4,4.333333333,3.833333333,4.8,1,0,5,1
None,None,None,None,2,2.917770732,7,5,4.5,4.8,0,0,4.714285714,2
Conceptual,Conceptual,Conceptual,Conceptual,3,5.814130532,6,3,4.5,4,1,0,3.857142857,1
Conceptual,Conceptual,Conceptual,Conceptual,1,2.772588722,7,4.333333333,5,3.4,1,0,3.571428571,5
Applied,Applied,Applied,Applied,2,3.188416617,4,2.333333333,5,4.4,0,1,3,1
None,None,None,None,NA,4.382026635,7,3.666666667,4.833333333,3.8,0,1,2,5
Conceptual,Conceptual,Conceptual,Conceptual,4,3.465735903,5,4,3.5,3.6,0,1,3.571428571,1
Applied,Applied,Applied,Applied,NA,6.579251212,6,4,4,4,1,1,3.571428571,4
Conceptual,Conceptual,Conceptual,Conceptual,6,8.377931124,6,2.666666667,4,5,1,1,4.428571429,3
Applied,Applied,Applied,Applied,4,4.305415532,3,4.666666667,2.833333333,4.8,1,1,4.142857143,3
None,None,None,None,2,6.347038886,6,4.333333333,3.833333333,4.2,0,1,2.857142857,2
None,None,None,None,6,6.427943709,6,1.333333333,4.333333333,3.2,0,1,3,4
Applied,Applied,Applied,Applied,4,6.396929655,4,3.666666667,4.333333333,5,1,0,4.142857143,8
Applied,NA,Applied,NA,1,0.916290732,4,1.666666667,2.166666667,4,0,0,3,0
Applied,NA,Applied,NA,2,5.945420609,6,5,5,5,0,1,3.333333333,6
Applied,Applied,Applied,Applied,1,1.252762968,6,5,4.333333333,4.6,0,1,3.857142857,2
None,Applied,None,Applied,2,2.862200881,5,5,4.666666667,2.8,1,0,3.285714286,2
None,None,None,None,4,7.408530567,6,3.666666667,4.333333333,3.2,1,1,4.428571429,5
None,None,None,None,4,4.574710979,6,2,4.666666667,2.8,0,1,3,2
None,None,None,None,NA,5.164785974,4,2,3,2.6,1,0,3.428571429,3
Applied,Applied,Applied,Applied,6,5.799092654,6,4.333333333,4.5,4.6,1,1,5,3
None,Applied,None,Applied,3,3.465735903,4,5,2.5,4,0,0,4.142857143,2
Applied,Applied,Applied,Applied,1,2.862200881,3,5,3.6,3.8,1,0,NA,7
Applied,Conceptual,Applied,Applied,4,4.356708827,6,3.333333333,4,3.2,1,0,3.428571429,1
Conceptual,None,Conceptual,None,6,7.224753406,6,4,5,3.6,0,1,4.714285714,3
Applied,Applied,Applied,Applied,4,4.615120517,6,3,4.666666667,3.2,1,0,3.428571429,5
Conceptual,Conceptual,Conceptual,Conceptual,1,2.079441542,4,5,5,5,1,0,4,1
Conceptual,None,Applied,None,2,3.610917913,6,4.666666667,4.333333333,5,0,1,4,0
Applied,Applied,Applied,Applied,4,4.605170186,7,5,1.666666667,5,1,1,4.2,2
None,None,None,None,4,5.192956851,6,3,4.4,4.2,0,1,3.333333333,6
Conceptual,Conceptual,Conceptual,Conceptual,4,4.605170186,6,3,4.666666667,4.6,0,1,2.833333333,10
Applied,Applied,Applied,Applied,1,1.386294361,3,3,3.833333333,3.4,0,1,3.285714286,5
Applied,Applied,Applied,Applied,3,3.401197382,4,NA,5,5,0,1,NA,3
Conceptual,Conceptual,Conceptual,Conceptual,6,5.703782475,6,3.666666667,5,4.2,0,0,3.714285714,1
Applied,Applied,Applied,Applied,6,4.941642423,3,5,4.666666667,4,NA,1,3.285714286,15
Conceptual,Conceptual,Conceptual,Conceptual,4,4.905274778,6,4,4.666666667,4,0,1,4,7
Conceptual,Applied,Conceptual,Applied,4,4.477336814,5,3.333333333,4.5,5,0,1,2.857142857,10
None,None,None,None,4,4.941642423,4,2.666666667,4.666666667,2.4,1,0,1,0
Conceptual,Conceptual,Conceptual,Conceptual,3,3.988984047,5,2.333333333,4.166666667,4,0,0,3.857142857,2
None,None,None,None,2,2.079441542,7,4,4.833333333,3,0,1,2.714285714,1
None,None,None,None,5,5.298317367,6,3,3.833333333,2.8,1,0,3,2
None,None,None,None,6,7.937374696,6,4.333333333,4,4.2,1,1,4,4
Conceptual,Conceptual,Conceptual,Conceptual,6,7.937374696,7,4.666666667,4.666666667,3.8,1,1,3.571428571,3
Applied,Applied,Applied,Applied,6,8.371843668,6,5,4.666666667,4.8,1,1,4.142857143,8
None,None,None,None,2,2.424802726,7,2,4.666666667,4.8,0,0,1.714285714,3
None,None,None,None,2,2.079441542,5,2.333333333,4,4,0,1,4.714285714,2
Conceptual,Conceptual,Conceptual,Conceptual,6,6.922643891,5,4,4.5,4.2,0,1,4.428571429,6
Conceptual,Conceptual,Conceptual,Conceptual,5,6.396929655,5,3,4.5,3,0,1,3.571428571,1
Conceptual,Applied,Conceptual,Applied,6,8.801168402,6,4.333333333,3.833333333,3.8,1,1,4,4
Applied,Applied,Applied,Applied,3,3.258096538,4,5,4.5,5,1,1,4.142857143,6
NA,NA,NA,NA,2,2.833213344,6,NA,5,NA,0,0,NA,1
Conceptual,None,Conceptual,None,6,5.991464547,6,5,4.833333333,4,1,0,3.285714286,5
Applied,Applied,Applied,Applied,1,2.197224577,6,5,4.666666667,4.8,1,1,3.571428571,14
Conceptual,Conceptual,Conceptual,Conceptual,2,4.337290741,4,5,4,5,1,1,4,4
None,None,None,None,5,5.209486153,7,3,4.666666667,4.2,1,0,4.142857143,4
Conceptual,Conceptual,Conceptual,Conceptual,3,1.252762968,7,1,4.666666667,4,0,1,4.571428571,4
Conceptual,None,Conceptual,None,2,4.094344562,4,3,4.666666667,4,0,1,2.714285714,2
Conceptual,NA,Conceptual,NA,1,0.916290732,5,4,2.666666667,3.8,0,0,3.833333333,4
Applied,Applied,Applied,Applied,2,1.252762968,5,4.333333333,4,4.2,1,1,4.285714286,2
Applied,Applied,Applied,Applied,5,5.768320996,4,3,4.5,3.8,1,0,3.142857143,4
None,None,None,None,4,4.828313737,5,3.333333333,2.833333333,2.8,1,0,3,2
None,None,None,None,5,5.135798437,7,2,4,3.8,0,1,3.142857143,4
None,None,None,None,3,4.189654742,6,3,3,3,0,1,2,2
Conceptual,Conceptual,Conceptual,Conceptual,4,4.545420182,3,5,5,5,1,1,3.142857143,3
Conceptual,Conceptual,Conceptual,Conceptual,1,3.401197382,3,4,4,5,1,1,3.714285714,5
Applied,Applied,Applied,Applied,1,4.204692619,3,5,1,1,0,1,3,0
Conceptual,Conceptual,Conceptual,Conceptual,6,6.413458957,3,2.333333333,4.5,5,1,1,4,6
Conceptual,Conceptual,Applied,Applied,5,5.886104031,4,3,4.666666667,3.8,0,1,3.714285714,1
Conceptual,Applied,Conceptual,Applied,2,2.890371758,5,2,4,4.4,1,0,4.571428571,7
None,None,None,None,1,2.833213344,1,4.333333333,5,NA,0,0,3.142857143,1
None,None,None,None,3,5.480638923,6,3,4.666666667,4,0,1,3.285714286,7
Applied,Applied,Applied,Applied,4,7.341483852,6,4.666666667,4.6,3.2,1,1,3.428571429,3
None,None,None,None,2,2.140066163,6,3,3,3.75,0,0,2.714285714,3
NA,NA,NA,NA,1,1.871802177,7,4,4.833333333,3.6,0,0,3.571428571,3
NA,NA,NA,NA,1,2.079441542,4,4.333333333,4.666666667,5,NA,0,2.285714286,1
Conceptual,Conceptual,Conceptual,Conceptual,4,5.135798437,6,3,4.666666667,3.2,0,0,4.142857143,4
Conceptual,Conceptual,Conceptual,Conceptual,NA,2.995732274,6,3.666666667,5,4.2,1,0,2,5
None,None,None,None,3,7.656810091,6,1.333333333,4.666666667,5,1,0,5,7
None,None,None,None,2,2.442347035,5,3,4,4.2,NA,1,2,6
None,None,None,None,1,0,6,5,NA,5,0,0,NA,0
Applied,NA,Applied,NA,2,2.397895273,5,3.666666667,3.8,4.2,0,1,3.428571429,6
Conceptual,Applied,Conceptual,Applied,6,8.459775921,6,4.333333333,5,3.8,1,1,4,1
None,None,None,None,NA,8.006367568,6,5,4.666666667,4.2,1,1,3.857142857,3
None,None,None,None,4,5.605802066,4,2.333333333,4.666666667,4.6,1,0,2.571428571,3
NA,NA,NA,NA,6,6.265301213,4,2.333333333,4.5,4.6,0,0,2.5,2
NA,NA,NA,NA,6,7.399398083,3,3,5,4.2,NA,0,NA,2
Applied,NA,Applied,NA,5,7.783224016,3,4,3.666666667,3.6,1,1,3.714285714,0
Applied,Applied,Applied,Applied,NA,4.094344562,7,3.666666667,5,5,1,1,3.666666667,8
None,None,None,None,1,0.693147181,5,2.666666667,4.5,4,0,0,3,3
NA,NA,NA,NA,1,1.360976553,6,3,5,4.2,0,0,3,1
None,Conceptual,None,Conceptual,6,9.104979856,6,3.333333333,4.5,2.6,1,1,3.714285714,3
Applied,Applied,Applied,Applied,4,3.218875825,4,3.666666667,4.166666667,3.6,0,0,4.428571429,3
None,None,None,None,3,4.700480366,4,3.666666667,2,2,0,0,2.714285714,0
Applied,Applied,Applied,Applied,2,2.708050201,4,3.666666667,3.833333333,3.6,0,0,2.714285714,6
Conceptual,Conceptual,Conceptual,Conceptual,6,6.927557906,6,4,4.666666667,2.4,0,1,3,5
None,None,None,None,1,0,7,1,1,1,0,0,2.714285714,5
Conceptual,Applied,Conceptual,Applied,2,1.945910149,2,3,3.8,3,1,0,3.142857143,1
Applied,Applied,Applied,Applied,NA,2.251291799,6,4.333333333,3.5,2.2,0,0,3,1
Conceptual,Applied,Conceptual,Applied,1,1.609437912,2,4,2.833333333,4.4,0,0,3.5,6
Applied,Applied,Applied,Applied,6,8.14612951,6,3,4.666666667,4.6,0,0,3.571428571,14
Applied,Applied,Applied,Applied,3,4.204692619,4,5,5,NA,0,0,5,1
Applied,Applied,Applied,Applied,4,7.495541944,6,3.333333333,4,3,1,1,4.428571429,10
None,None,None,None,3,3.951243719,6,3,2.333333333,1,1,0,3,1
Conceptual,Applied,Conceptual,Applied,2,2.833213344,7,3.333333333,4,2,0,1,3,1
None,None,None,None,1,0.693147181,5,3.666666667,1,1,0,0,3.142857143,0
Conceptual,Conceptual,Conceptual,Conceptual,2,3.912023005,3,3,5,5,1,1,3.285714286,7
Applied,Applied,Applied,Applied,1,3.583518938,6,5,5,3.8,1,0,3.428571429,7
None,None,None,None,3,3.401197382,4,3.333333333,4.833333333,4.25,0,0,2.857142857,3
None,None,None,None,3,0,6,2,3,3,0,0,3,4
Conceptual,Conceptual,Conceptual,Conceptual,1,2.302585093,3,4.333333333,4,4.4,1,0,3,2
Conceptual,NA,Conceptual,NA,4,3.688879454,NA,5,5,5,0,1,2.714285714,1
Applied,Applied,Applied,Applied,3,4.007333185,3,2.666666667,4.833333333,5,1,0,2.714285714,13
Applied,Applied,Applied,Applied,2,1.029619417,3,3,3.333333333,1.6,0,0,2.714285714,1
None,NA,None,NA,NA,3.761200116,NA,NA,NA,NA,NA,0,NA,0
Conceptual,NA,Conceptual,NA,1,5.991464547,3,3.666666667,4.166666667,2.5,1,1,3,2
Applied,Applied,Applied,Applied,1,4.317488114,6,2.333333333,2.666666667,4.8,NA,1,3.5,6
Applied,Applied,Applied,Applied,1,1.791759469,4,5,4,4.6,1,0,3.285714286,1
Applied,Applied,Applied,Applied,2,4.605170186,5,3.333333333,4,4.8,1,1,2.571428571,8
NA,NA,NA,NA,1,2.995732274,5,3.333333333,5,5,1,0,2.428571429,1
Conceptual,NA,Conceptual,NA,1,1.609437912,4,2.5,4.5,3,NA,1,3.8,7
Applied,Applied,Applied,Applied,5,4.700480366,6,5,5,5,0,1,5,7
Applied,NA,Applied,NA,1,4.094344562,2,NA,4.5,5,0,1,4.25,1
Conceptual,Conceptual,Conceptual,Conceptual,6,6.214608098,6,3.666666667,4.5,4.8,1,1,4,1
NA,NA,NA,NA,3,3.465735903,6,2.666666667,3.333333333,3,NA,0,NA,2
None,None,None,None,1,0,6,3.666666667,3.5,3.6,NA,0,2.857142857,0
NA,NA,NA,NA,1,NA,5,NA,3,3.5,NA,1,3,2
None,None,None,None,1,NA,4,5,4.333333333,3.4,NA,0,3,0
NA,NA,NA,NA,NA,2.890371758,1,NA,NA,NA,NA,0,NA,4
None,None,None,None,1,0.693147181,4,4,1,1,0,0,3,1
Conceptual,NA,Conceptual,NA,NA,1.791759469,3,NA,NA,NA,NA,0,3,1
NA,NA,NA,NA,4,3.526360525,7,2,4.833333333,5,NA,0,3,2
None,None,None,None,3,3.218875825,6,3,1,1,0,1,4.142857143,0
None,NA,None,NA,1,3.688879454,7,4,1,1,0,0,3,0
Conceptual,Conceptual,Conceptual,Conceptual,2,2.63905733,4,4.333333333,4.166666667,4.4,1,0,3,2
NA,NA,NA,NA,NA,0,7,NA,NA,NA,NA,0,NA,0
None,NA,None,NA,2,2.833213344,4,4.333333333,4,3.25,0,0,3.571428571,3
None,None,None,None,1,0,4,1,3,NA,NA,0,3.142857143,0
Conceptual,Conceptual,Conceptual,Conceptual,1,1.386294361,3,5,4.5,5,1,0,NA,2
Conceptual,Conceptual,Conceptual,Conceptual,1,NA,3,4.333333333,3,3.8,1,0,3.857142857,1
Applied,Applied,Applied,Applied,3,4.085976313,3,3.333333333,4.166666667,3,1,0,2.714285714,4
None,Conceptual,None,Conceptual,NA,2.63905733,4,1,5,5,0,0,4.428571429,1
NA,NA,NA,NA,3,8.006367568,6,4,4.5,3.6,NA,0,3,1
NA,NA,NA,NA,2,4.15575319,6,5,5,5,NA,NA,NA,3
None,None,None,None,2,4.442651256,6,4,2.833333333,1,1,NA,3.285714286,3
NA,NA,NA,NA,NA,2.302585093,NA,2,5,5,NA,NA,2.5,3
Conceptual,Conceptual,Conceptual,Conceptual,1,2.809402695,7,5,4.166666667,4.2,0,NA,4,0
NA,NA,NA,NA,1,2.815408719,6,NA,NA,5,NA,NA,NA,2
NA,NA,NA,NA,1,2.240709689,4,NA,5,5,0,NA,4,1
None,None,None,None,1,2.833213344,5,5,NA,NA,0,NA,4,0
None,None,None,None,1,3.401197382,6,2.5,NA,NA,0,NA,3,0
NA,NA,NA,NA,2,4.17438727,7,4,4.166666667,5,NA,NA,NA,4
None,NA,None,NA,NA,3.335769576,NA,NA,5,NA,1,NA,1,1
None,None,None,None,1,1.098612289,7,1,2,1,0,NA,2.5,2
Conceptual,Conceptual,Conceptual,Conceptual,NA,5.013963084,NA,2.666666667,5,5,0,NA,2.714285714,2
None,NA,None,NA,4,4.382026635,3,NA,NA,NA,1,NA,3.285714286,4
NA,NA,NA,NA,1,2.862200881,5,5,5,NA,NA,NA,5,0
NA,NA,NA,NA,4,4.276666119,3,4.333333333,5,5,NA,NA,NA,8
NA,NA,NA,NA,2,5.717027701,3,2.333333333,3,2.6,NA,NA,NA,2
NA,NA,NA,NA,2,3.091042453,6,2.666666667,3,3.4,NA,NA,NA,1
NA,NA,NA,NA,4,4.787491743,6,NA,NA,NA,NA,NA,NA,7
NA,NA,NA,NA,1,0,4,5,5,NA,0,NA,NA,1
NA,NA,NA,NA,NA,5.59471138,6,2.666666667,3.333333333,1.4,NA,NA,NA,6
NA,NA,NA,NA,NA,4.060443011,5,NA,4.666666667,4,NA,NA,2.285714286,1
NA,NA,NA,NA,6,4.605170186,4,5,4.333333333,5,NA,NA,NA,8
NA,NA,NA,NA,4,4.094344562,6,3,4.5,4.8,NA,NA,NA,8
Applied,Applied,Applied,Applied,1,1.609437912,4,3.666666667,4.2,4.6,1,NA,2.857142857,2
NA,NA,NA,NA,NA,3.912023005,3,NA,NA,NA,NA,NA,NA,1
NA,NA,NA,NA,2,3.761200116,6,3,4.666666667,4,NA,NA,NA,2
NA,NA,NA,NA,2,3.63758616,7,5,4,2.5,NA,NA,NA,0
Conceptual,NA,Conceptual,NA,1,4.248495242,4,NA,5,5,0,0,2.857142857,0
Conceptual,None,Conceptual,None,NA,7.816013839,6,4.333333333,5,4,1,1,3.285714286,0
None,None,None,None,4,8.060382156,6,3,4.666666667,3.2,0,1,2.571428571,0
None,None,None,None,1,1.609437912,6,NA,NA,NA,0,0,3.857142857,0
None,None,None,None,1,2.87356464,6,3,2.75,2.6,0,0,3,0
Conceptual,None,Conceptual,None,2,4.56017282,4,NA,NA,NA,0,1,2.714285714,0
NA,NA,NA,NA,1,3.465735903,6,NA,NA,NA,0,0,2.857142857,0
Applied,Applied,Applied,Applied,3,3.583518938,6,NA,3.666666667,3.4,1,0,3.428571429,0
Conceptual,Conceptual,Conceptual,Conceptual,1,2.014903021,2,4,4.2,3.6,1,1,3.714285714,0
None,None,None,None,1,2.302585093,4,NA,NA,NA,1,0,3,0
None,None,None,None,1,NA,4,5,4,NA,0,1,2.833333333,0
Applied,None,Applied,None,5,NA,3,3,4,3.8,0,1,3.571428571,0
Applied,Applied,Applied,Applied,2,NA,6,4.5,4.166666667,4.2,1,1,4.714285714,0
Conceptual,NA,Conceptual,NA,6,NA,6,3.333333333,3.666666667,4.2,1,0,2.857142857,0
Applied,Applied,Applied,Applied,4,NA,4,3.666666667,4.8,4.4,NA,1,3.166666667,0
None,None,None,None,NA,NA,5,4.333333333,3.666666667,3.6,0,0,3.142857143,0
None,None,None,None,1,NA,7,1,4.4,3.4,0,1,2.142857143,0
Applied,Applied,Applied,Applied,3,NA,7,3,3.166666667,3.8,1,1,4.714285714,0
Conceptual,Conceptual,Conceptual,Conceptual,2,NA,7,2.333333333,3.333333333,2.2,NA,1,3.428571429,0
NA,NA,NA,NA,1,2.140066163,7,5,NA,NA,0,1,3,0
NA,NA,NA,NA,1,5.431973751,1,NA,NA,NA,NA,NA,NA,0
NA,NA,NA,NA,NA,4.944495492,NA,NA,NA,NA,NA,NA,NA,0
NA,NA,NA,NA,1,2.587764035,4,NA,NA,NA,NA,NA,NA,0
NA,NA,NA,NA,1,4.384523515,5,NA,NA,NA,NA,NA,NA,0
NA,NA,NA,NA,NA,5.669536036,NA,NA,NA,NA,NA,NA,NA,0
None,None,None,None,6,6.944328259,6,NA,NA,NA,0,NA,2.666666667,0
NA,NA,NA,NA,NA,5.508173024,NA,NA,NA,NA,NA,NA,NA,0
NA,NA,NA,NA,NA,5.011301739,NA,NA,NA,NA,NA,NA,NA,0
NA,NA,NA,NA,1,1.85629799,4,NA,NA,NA,NA,NA,NA,0
NA,NA,NA,NA,3,6.080162002,6,NA,NA,NA,NA,NA,NA,0
NA,NA,NA,NA,NA,5.84383423,NA,NA,NA,NA,NA,NA,NA,0
NA,NA,NA,NA,NA,1.722766598,NA,NA,NA,NA,NA,NA,NA,0
NA,NA,NA,NA,2,1.609437912,6,NA,NA,NA,NA,NA,NA,0
NA,NA,NA,NA,NA,4.718498871,5,NA,NA,NA,NA,NA,NA,0
NA,NA,NA,NA,3,NA,4,NA,NA,NA,NA,NA,NA,0
NA,NA,NA,NA,NA,4.605170186,NA,NA,NA,NA,NA,NA,NA,0
NA,NA,NA,NA,2,0,4,NA,NA,NA,NA,NA,NA,0
NA,NA,NA,NA,NA,NA,NA,NA,NA,NA,NA,NA,NA,0
NA,NA,NA,NA,NA,NA,NA,NA,NA,NA,NA,NA,NA,0
NA,NA,NA,NA,5,NA,3,2,3.833333333,3.75,NA,NA,NA,0
NA,NA,NA,NA,4,NA,6,2.666666667,4.166666667,4.4,NA,NA,NA,0
NA,NA,NA,NA,NA,NA,NA,NA,NA,NA,NA,NA,NA,0
NA,NA,NA,NA,NA,NA,NA,NA,NA,NA,NA,NA,NA,0
NA,NA,NA,NA,NA,NA,NA,NA,NA,NA,NA,NA,NA,0
NA,NA,NA,NA,NA,NA,NA,NA,NA,NA,NA,NA,NA,0
NA,NA,NA,NA,NA,NA,NA,NA,NA,NA,NA,NA,NA,0
NA,NA,NA,NA,2,NA,7,3,4.666666667,4.8,NA,NA,NA,0
NA,NA,NA,NA,NA,NA,NA,NA,NA,NA,NA,NA,NA,0
NA,NA,NA,NA,NA,NA,NA,NA,NA,NA,NA,NA,NA,0
NA,NA,NA,NA,1,3.555348061,4,NA,NA,NA,NA,NA,NA,0
NA,NA,NA,NA,4,NA,4,1.666666667,3.8,1.6,NA,NA,NA,0
NA,NA,NA,NA,NA,NA,NA,NA,NA,NA,NA,NA,NA,0
NA,NA,NA,NA,NA,NA,NA,NA,NA,NA,NA,NA,NA,0
NA,NA,NA,NA,1,NA,4,2.666666667,NA,NA,NA,NA,NA,0
NA,NA,NA,NA,NA,NA,NA,NA,NA,NA,NA,NA,NA,0
NA,NA,NA,NA,NA,NA,NA,NA,NA,NA,NA,NA,NA,0
NA,NA,NA,NA,NA,NA,NA,NA,NA,NA,NA,NA,NA,0
NA,NA,NA,NA,NA,NA,NA,NA,NA,NA,NA,NA,NA,0
NA,NA,NA,NA,NA,NA,NA,NA,NA,NA,NA,NA,NA,0
NA,NA,NA,NA,NA,NA,NA,NA,NA,NA,NA,NA,NA,0
NA,NA,NA,NA,5,NA,6,3.666666667,4,3.2,NA,NA,NA,0
NA,NA,NA,NA,NA,NA,NA,NA,NA,NA,NA,NA,NA,0
NA,NA,NA,NA,NA,4.094344562,NA,NA,NA,NA,NA,NA,NA,0